Workbook

Sheet Fees Master
B1: S.No | C1: Class | D1: School Fees | F1: S.No | G1: Class | H1: Total Fees | I1: Hostel Fees | K1: S.No | L1: Village | M1: Bus Fees
B2: 1 | C2: N - AM | D2: 7500 | F2: 1 | G2: N - AM | H2: 22000 | I2: =H2-D2 -> 14500 | K2: 1 | L2: ACHANPALLY | M2: 5000
B3: 2 | C3: N - AS | D3: 7500 | F3: 2 | G3: N - AS | H3: 22000 | I3: =H3-D3 -> 14500 | K3: 2 | L3: AMBEDKAR COLONY | M3: 5000
B4: 3 | C4: L - AM | D4: 8500 | F4: 3 | G4: L - AM | H4: 23000 | I4: =H4-D4 -> 14500 | K4: 3 | L4: AMBEDKAR NAGAR, RENJAL | M4: 8000
B5: 4 | C5: L - AS | D5: 8500 | F5: 4 | G5: L - AS | H5: 23000 | I5: =H5-D5 -> 14500 | K5: 4 | L5: AMDAPUR | M5: 9999
B6: 5 | C6: L - BM | D6: 8500 | F6: 5 | G6: L - BM | H6: 23000 | I6: =H6-D6 -> 14500 | K6: 5 | L6: ANKOLE THANDA | M6: 9999
B7: 6 | C7: U - AM | D7: 9000 | F7: 6 | G7: U - AM | H7: 24000 | I7: =H7-D7 -> 15000 | K7: 6 | L7: AUTO NAGAR | M7: 5000
B8: 7 | C8: U - AS | D8: 9000 | F8: 7 | G8: U - AS | H8: 24000 | I8: =H8-D8 -> 15000 | K8: 7 | L8: AZAM GUNJ | M8: 5000
B9: 8 | C9: U - BM | D9: 9000 | F9: 8 | G9: U - BM | H9: 24000 | I9: =H9-D9 -> 15000 | K9: 8 | L9: BANDARPALLY | M9: 6000
B10: 9 | C10: 1 - AM | D10: 9500 | F10: 9 | G10: 1 - AM | H10: 25000 | I10: =H10-D10 -> 15500 | K10: 9 | L10: BANSWADA | M10: 9999
B11: 10 | C11: 1 - AS | D11: 9500 | F11: 10 | G11: 1 - AS | H11: 25000 | I11: =H11-D11 -> 15500 | K11: 10 | L11: BARDIPUR | M11: 7000
B12: 11 | C12: 1 - BM | D12: 9500 | F12: 11 | G12: 1 - BM | H12: 25000 | I12: =H12-D12 -> 15500 | K12: 11 | L12: BELLAL | M12: 5000
B13: 12 | C13: 2 - AM | D13: 10000 | F13: 12 | G13: 2 - AM | H13: 26000 | I13: =H13-D13 -> 16000 | K13: 12 | L13: BHULAXMI CAMP | M13: 7000
... B35: 34 | C35: 10 - BS | D35: 25000 | F35: 34 | G35: 10 - BS | H35: 47000 | I35: =H35-D35 -> 22000 | K35: 34 | L35: KAITHI THANDA | M35: 9999
K36: 35 | L36: KALDURKI | M36: 7000
K37: 36 | L37: KANDAKURTHI | M37: 8000
K38: 37 | L38: KARAKWADI | M38: 9999
K39: 38 | L39: KHANDGAON | M39: 9999
K40: 39 | L40: KOLOOR, THANUR. | M40: 9999
K41: 40 | L41: KOLUR | M41: 9999
K42: 41 | L42: KONDAPUR | M42: 9999
K43: 42 | L43: KOPPARGA | M43: 8000
K44: 43 | L44: KOPPARTHI CAMP | M44: 7000
K45: 44 | L45: KUMMANPALLY | M45: 7000
K46: 45 | L46: L.B.S. NAGAR | M46: 5000
K47: 46 | L47: LABDI, THANUR. | M47: 9999
... K102: 101 | L102: Brahmanpally | M102: 5000

Sheet Daily Fees Entry
A1: S.N. | B1: Date | C1: Receipt Number | D1: Adm | E1: Fees Type | F1: Fees Amount | G1: x | H1: Student Name | I1: Class | J1: Father Name | K1: Address | L1: Cell | M1: x | N1: Not Found Details
A2: 1 | B2: 44724 | C2: 1 | D2: 3082 | E2: School Fees | F2: 15000 | H2: =IF(TRIM(D2)="","",IFERROR(INDEX('Student Master'!C:C,MATCH(D2,'Student Master'!B:B,0)),"Not Found")) -> S. ARUN | I2: =IF(TRIM(D2)="","",IFERROR(INDEX('Student Master'!D:D,MATCH(D2,'Student Master'!B:B,0)),"Not Found")) -> 10 - AS | J2: =IF(TRIM(D2)="","",IFERROR(INDEX('Student Master'!H:H,MATCH(D2,'Student Master'!B:B,0)),"Not Found")) -> GANGARAM | K2: =IF(TRIM(D2)="","",IFERROR(INDEX('Student Master'!N:N,MATCH(D2,'Student Master'!B:B,0)),"Not Found")) -> BARDIPUR | L2: =IF(TRIM(D2)="","",IFERROR(INDEX('Student Master'!L:L,MATCH(D2,'Student Master'!B:B,0)),"Not Found")) -> 9133894901
A3: =A2+1 -> 2 | B3: 44724 | C3: 2 | D3: 4572 | E3: School Fees | F3: 3000 | H3: =IF(TRIM(D3)="","",IFERROR(INDEX('Student Master'!C:C,MATCH(D3,'Student Master'!B:B,0)),"Not Found")) -> B.Madhu Varshini | I3: =IF(TRIM(D3)="","",IFERROR(INDEX('Student Master'!D:D,MATCH(D3,'Student Master'!B:B,0)),"Not Found")) -> L - AM | J3: =IF(TRIM(D3)="","",IFERROR(INDEX('Student Master'!H:H,MATCH(D3,'Student Master'!B:B,0)),"Not Found")) -> Laxman | K3: =IF(TRIM(D3)="","",IFERROR(INDEX('Student Master'!N:N,MATCH(D3,'Student Master'!B:B,0)),"Not Found")) -> Old Salampad | L3: =IF(TRIM(D3)="","",IFERROR(INDEX('Student Master'!L:L,MATCH(D3,'Student Master'!B:B,0)),"Not Found")) -> 9553219616
A4: =A3+1 -> 3 | B4: 44725 | C4: 3 | D4: 4765 | E4: School Fees | F4: 1000 | H4: =IF(TRIM(D4)="","",IFERROR(INDEX('Student Master'!C:C,MATCH(D4,'Student Master'!B:B,0)),"Not Found")) -> B.ADARSH | I4: =IF(TRIM(D4)="","",IFERROR(INDEX('Student Master'!D:D,MATCH(D4,'Student Master'!B:B,0)),"Not Found")) -> U - AM | J4: =IF(TRIM(D4)="","",IFERROR(INDEX('Student Master'!H:H,MATCH(D4,'Student Master'!B:B,0)),"Not Found")) -> SANTHOSH | K4: =IF(TRIM(D4)="","",IFERROR(INDEX('Student Master'!N:N,MATCH(D4,'Student Master'!B:B,0)),"Not Found")) -> Hangarga | L4: =IF(TRIM(D4)="","",IFERROR(INDEX('Student Master'!L:L,MATCH(D4,'Student Master'!B:B,0)),"Not Found")) -> 8688174705
A5: =A4+1 -> 4 | B5: 44725 | C5: 4 | D5: 4575 | E5: School Fees | F5: 1000 | H5: =IF(TRIM(D5)="","",IFERROR(INDEX('Student Master'!C:C,MATCH(D5,'Student Master'!B:B,0)),"Not Found")) -> B.SHIVA CHARAN | I5: =IF(TRIM(D5)="","",IFERROR(INDEX('Student Master'!D:D,MATCH(D5,'Student Master'!B:B,0)),"Not Found")) -> 1 - BM | J5: =IF(TRIM(D5)="","",IFERROR(INDEX('Student Master'!H:H,MATCH(D5,'Student Master'!B:B,0)),"Not Found")) -> SANTHOSH | K5: =IF(TRIM(D5)="","",IFERROR(INDEX('Student Master'!N:N,MATCH(D5,'Student Master'!B:B,0)),"Not Found")) -> Hangarga | L5: =IF(TRIM(D5)="","",IFERROR(INDEX('Student Master'!L:L,MATCH(D5,'Student Master'!B:B,0)),"Not Found")) -> 8688174705
A6: =A5+1 -> 5 | B6: 44725 | C6: 5 | D6: 4578 | E6: School Fees | F6: 500 | H6: =IF(TRIM(D6)="","",IFERROR(INDEX('Student Master'!C:C,MATCH(D6,'Student Master'!B:B,0)),"Not Found")) -> S.SRAVANI | I6: =IF(TRIM(D6)="","",IFERROR(INDEX('Student Master'!D:D,MATCH(D6,'Student Master'!B:B,0)),"Not Found")) -> 7 - AS | J6: =IF(TRIM(D6)="","",IFERROR(INDEX('Student Master'!H:H,MATCH(D6,'Student Master'!B:B,0)),"Not Found")) -> S. LAXMAN | K6: =IF(TRIM(D6)="","",IFERROR(INDEX('Student Master'!N:N,MATCH(D6,'Student Master'!B:B,0)),"Not Found")) -> Kandakurthi | L6: =IF(TRIM(D6)="","",IFERROR(INDEX('Student Master'!L:L,MATCH(D6,'Student Master'!B:B,0)),"Not Found")) -> 6305389541
A7: =A6+1 -> 6 | B7: 44727 | C7: 6 | D7: 4442 | E7: School Fees | F7: 3500 | H7: =IF(TRIM(D7)="","",IFERROR(INDEX('Student Master'!C:C,MATCH(D7,'Student Master'!B:B,0)),"Not Found")) -> MD. MIRZA ABBU BAQAR | I7: =IF(TRIM(D7)="","",IFERROR(INDEX('Student Master'!D:D,MATCH(D7,'Student Master'!B:B,0)),"Not Found")) -> 1 - BM | J7: =IF(TRIM(D7)="","",IFERROR(INDEX('Student Master'!H:H,MATCH(D7,'Student Master'!B:B,0)),"Not Found")) -> MIRZA AZMATH BAIG | K7: =IF(TRIM(D7)="","",IFERROR(INDEX('Student Master'!N:N,MATCH(D7,'Student Master'!B:B,0)),"Not Found")) -> KOPPARGA | L7: =IF(TRIM(D7)="","",IFERROR(INDEX('Student Master'!L:L,MATCH(D7,'Student Master'!B:B,0)),"Not Found")) -> 7569194416
A8: =A7+1 -> 7 | B8: 44728 | C8: 7 | D8: 4775 | E8: School Fees | F8: 2000 | H8: =IF(TRIM(D8)="","",IFERROR(INDEX('Student Master'!C:C,MATCH(D8,'Student Master'!B:B,0)),"Not Found")) -> G.SOURAB | I8: =IF(TRIM(D8)="","",IFERROR(INDEX('Student Master'!D:D,MATCH(D8,'Student Master'!B:B,0)),"Not Found")) -> 2 - AS | J8: =IF(TRIM(D8)="","",IFERROR(INDEX('Student Master'!H:H,MATCH(D8,'Student Master'!B:B,0)),"Not Found")) -> G.NARESH | K8: =IF(TRIM(D8)="","",IFERROR(INDEX('Student Master'!N:N,MATCH(D8,'Student Master'!B:B,0)),"Not Found")) -> Papermill, Renjal | L8: =IF(TRIM(D8)="","",IFERROR(INDEX('Student Master'!L:L,MATCH(D8,'Student Master'!B:B,0)),"Not Found")) -> 9347189684
A9: =A8+1 -> 8 | B9: 44728 | C9: 8 | D9: 4774 | E9: School Fees | F9: 3000 | H9: =IF(TRIM(D9)="","",IFERROR(INDEX('Student Master'!C:C,MATCH(D9,'Student Master'!B:B,0)),"Not Found")) -> G. SAKSHI | I9: =IF(TRIM(D9)="","",IFERROR(INDEX('Student Master'!D:D,MATCH(D9,'Student Master'!B:B,0)),"Not Found")) -> 9 - AS | J9: =IF(TRIM(D9)="","",IFERROR(INDEX('Student Master'!H:H,MATCH(D9,'Student Master'!B:B,0)),"Not Found")) -> G.NARESH | K9: =IF(TRIM(D9)="","",IFERROR(INDEX('Student Master'!N:N,MATCH(D9,'Student Master'!B:B,0)),"Not Found")) -> Papermill, Renjal | L9: =IF(TRIM(D9)="","",IFERROR(INDEX('Student Master'!L:L,MATCH(D9,'Student Master'!B:B,0)),"Not Found")) -> 9347189684
A10: =A9+1 -> 9 | B10: 44728 | C10: 9 | D10: 4681 | E10: School Fees | F10: 1500 | H10: =IF(TRIM(D10)="","",IFERROR(INDEX('Student Master'!C:C,MATCH(D10,'Student Master'!B:B,0)),"Not Found")) -> SHAZIA GAZALA MAHEBUB | I10: =IF(TRIM(D10)="","",IFERROR(INDEX('Student Master'!D:D,MATCH(D10,'Student Master'!B:B,0)),"Not Found")) -> 2 - AS | J10: =IF(TRIM(D10)="","",IFERROR(INDEX('Student Master'!H:H,MATCH(D10,'Student Master'!B:B,0)),"Not Found")) -> SHAIK MAHABOOB | K10: =IF(TRIM(D10)="","",IFERROR(INDEX('Student Master'!N:N,MATCH(D10,'Student Master'!B:B,0)),"Not Found")) -> Azam Gunj | L10: =IF(TRIM(D10)="","",IFERROR(INDEX('Student Master'!L:L,MATCH(D10,'Student Master'!B:B,0)),"Not Found")) -> 9922696237
A11: =A10+1 -> 10 | B11: 44728 | C11: 10 | D11: 4683 | E11: School Fees | F11: 1500 | H11: =IF(TRIM(D11)="","",IFERROR(INDEX('Student Master'!C:C,MATCH(D11,'Student Master'!B:B,0)),"Not Found")) -> SHAIK TAMIN KOUSER MAHEBOOB | I11: =IF(TRIM(D11)="","",IFERROR(INDEX('Student Master'!D:D,MATCH(D11,'Student Master'!B:B,0)),"Not Found")) -> 6 - AS | J11: =IF(TRIM(D11)="","",IFERROR(INDEX('Student Master'!H:H,MATCH(D11,'Student Master'!B:B,0)),"Not Found")) -> SHAIK MAHEBOOB | K11: =IF(TRIM(D11)="","",IFERROR(INDEX('Student Master'!N:N,MATCH(D11,'Student Master'!B:B,0)),"Not Found")) -> Azam Gunj | L11: =IF(TRIM(D11)="","",IFERROR(INDEX('Student Master'!L:L,MATCH(D11,'Student Master'!B:B,0)),"Not Found")) -> 9922696237
A12: =A11+1 -> 11 | B12: 44730 | C12: 11 | D12: 4396 | E12: School Fees | F12: 2500 | H12: =IF(TRIM(D12)="","",IFERROR(INDEX('Student Master'!C:C,MATCH(D12,'Student Master'!B:B,0)),"Not Found")) -> CH. ABHINAV | I12: =IF(TRIM(D12)="","",IFERROR(INDEX('Student Master'!D:D,MATCH(D12,'Student Master'!B:B,0)),"Not Found")) -> L - AM | J12: =IF(TRIM(D12)="","",IFERROR(INDEX('Student Master'!H:H,MATCH(D12,'Student Master'!B:B,0)),"Not Found")) -> KRANTHI KUMAR | K12: =IF(TRIM(D12)="","",IFERROR(INDEX('Student Master'!N:N,MATCH(D12,'Student Master'!B:B,0)),"Not Found")) -> SHARBATHI CANAL | L12: =IF(TRIM(D12)="","",IFERROR(INDEX('Student Master'!L:L,MATCH(D12,'Student Master'!B:B,0)),"Not Found")) -> 9666690403
A13: =A12+1 -> 12 | B13: 44732 | C13: 12 | D13: 4406 | E13: School Fees | F13: 5000 | H13: =IF(TRIM(D13)="","",IFERROR(INDEX('Student Master'!C:C,MATCH(D13,'Student Master'!B:B,0)),"Not Found")) -> G. MOKSHITHA REDDY | I13: =IF(TRIM(D13)="","",IFERROR(INDEX('Student Master'!D:D,MATCH(D13,'Student Master'!B:B,0)),"Not Found")) -> U - BM | J13: =IF(TRIM(D13)="","",IFERROR(INDEX('Student Master'!H:H,MATCH(D13,'Student Master'!B:B,0)),"Not Found")) -> SUDHAKAR REDDY | K13: =IF(TRIM(D13)="","",IFERROR(INDEX('Student Master'!N:N,MATCH(D13,'Student Master'!B:B,0)),"Not Found")) -> BHULAXMI CAMP | L13: =IF(TRIM(D13)="","",IFERROR(INDEX('Student Master'!L:L,MATCH(D13,'Student Master'!B:B,0)),"Not Found")) -> 9640506086
A14: =A13+1 -> 13 | B14: 44732 | C14: 13 | D14: 4324 | E14: School Fees | F14: 5000 | H14: =IF(TRIM(D14)="","",IFERROR(INDEX('Student Master'!C:C,MATCH(D14,'Student Master'!B:B,0)),"Not Found")) -> G. PARINITHI REDDY | I14: =IF(TRIM(D14)="","",IFERROR(INDEX('Student Master'!D:D,MATCH(D14,'Student Master'!B:B,0)),"Not Found")) -> 1 - BM | J14: =IF(TRIM(D14)="","",IFERROR(INDEX('Student Master'!H:H,MATCH(D14,'Student Master'!B:B,0)),"Not Found")) -> G. SUDHAKAR REDDY | K14: =IF(TRIM(D14)="","",IFERROR(INDEX('Student Master'!N:N,MATCH(D14,'Student Master'!B:B,0)),"Not Found")) -> BHULAXMI CAMP | L14: =IF(TRIM(D14)="","",IFERROR(INDEX('Student Master'!L:L,MATCH(D14,'Student Master'!B:B,0)),"Not Found")) -> 9640506086
... A44: =A43+1 -> 43 | B44: 44769 | C44: 43 | D44: 4293 | E44: School Fees | F44: 5000 | H44: =IF(TRIM(D44)="","",IFERROR(INDEX('Student Master'!C:C,MATCH(D44,'Student Master'!B:B,0)),"Not Found")) -> V. SHANMUKA SREE | I44: =IF(TRIM(D44)="","",IFERROR(INDEX('Student Master'!D:D,MATCH(D44,'Student Master'!B:B,0)),"Not Found")) -> 2 - AM | J44: =IF(TRIM(D44)="","",IFERROR(INDEX('Student Master'!H:H,MATCH(D44,'Student Master'!B:B,0)),"Not Found")) -> V. RAVINDHAR REDDY | K44: =IF(TRIM(D44)="","",IFERROR(INDEX('Student Master'!N:N,MATCH(D44,'Student Master'!B:B,0)),"Not Found")) -> SALOORA CAMP | L44: =IF(TRIM(D44)="","",IFERROR(INDEX('Student Master'!L:L,MATCH(D44,'Student Master'!B:B,0)),"Not Found")) -> 6300626880
A45: =A44+1 -> 44 | C45: 44 | D45: CANCELLED | E45: School Fees | H45: =IF(TRIM(D45)="","",IFERROR(INDEX('Student Master'!C:C,MATCH(D45,'Student Master'!B:B,0)),"Not Found")) -> Not Found | I45: =IF(TRIM(D45)="","",IFERROR(INDEX('Student Master'!D:D,MATCH(D45,'Student Master'!B:B,0)),"Not Found")) -> Not Found | J45: =IF(TRIM(D45)="","",IFERROR(INDEX('Student Master'!H:H,MATCH(D45,'Student Master'!B:B,0)),"Not Found")) -> Not Found | K45: =IF(TRIM(D45)="","",IFERROR(INDEX('Student Master'!N:N,MATCH(D45,'Student Master'!B:B,0)),"Not Found")) -> Not Found | L45: =IF(TRIM(D45)="","",IFERROR(INDEX('Student Master'!L:L,MATCH(D45,'Student Master'!B:B,0)),"Not Found")) -> Not Found | N45: CANCELLED
A46: =A45+1 -> 45 | B46: 44769 | C46: 45 | D46: 2787 | E46: School Fees | F46: 10000 | H46: =IF(TRIM(D46)="","",IFERROR(INDEX('Student Master'!C:C,MATCH(D46,'Student Master'!B:B,0)),"Not Found")) -> S. MANI TEJA | I46: =IF(TRIM(D46)="","",IFERROR(INDEX('Student Master'!D:D,MATCH(D46,'Student Master'!B:B,0)),"Not Found")) -> 8 - AM | J46: =IF(TRIM(D46)="","",IFERROR(INDEX('Student Master'!H:H,MATCH(D46,'Student Master'!B:B,0)),"Not Found")) -> RAVI | K46: =IF(TRIM(D46)="","",IFERROR(INDEX('Student Master'!N:N,MATCH(D46,'Student Master'!B:B,0)),"Not Found")) -> YEDAPALLY | L46: =IF(TRIM(D46)="","",IFERROR(INDEX('Student Master'!L:L,MATCH(D46,'Student Master'!B:B,0)),"Not Found")) -> 9491742709
A47: =A46+1 -> 46 | B47: 44769 | C47: 46 | D47: 3804 | E47: School Fees | F47: 10000 | H47: =IF(TRIM(D47)="","",IFERROR(INDEX('Student Master'!C:C,MATCH(D47,'Student Master'!B:B,0)),"Not Found")) -> S. SRIKAR | I47: =IF(TRIM(D47)="","",IFERROR(INDEX('Student Master'!D:D,MATCH(D47,'Student Master'!B:B,0)),"Not Found")) -> 4 - AM | J47: =IF(TRIM(D47)="","",IFERROR(INDEX('Student Master'!H:H,MATCH(D47,'Student Master'!B:B,0)),"Not Found")) -> RAVI | K47: =IF(TRIM(D47)="","",IFERROR(INDEX('Student Master'!N:N,MATCH(D47,'Student Master'!B:B,0)),"Not Found")) -> YEDAPALLY | L47: =IF(TRIM(D47)="","",IFERROR(INDEX('Student Master'!L:L,MATCH(D47,'Student Master'!B:B,0)),"Not Found")) -> 9491742709
A48: =A47+1 -> 47 | B48: 44769 | C48: 47 | D48: X124 | E48: School Fees | F48: 1500 | H48: =IF(TRIM(D48)="","",IFERROR(INDEX('Student Master'!C:C,MATCH(D48,'Student Master'!B:B,0)),"Not Found")) -> K. ANJANA SOWMYA | I48: =IF(TRIM(D48)="","",IFERROR(INDEX('Student Master'!D:D,MATCH(D48,'Student Master'!B:B,0)),"Not Found")) -> 2 - BM | J48: =IF(TRIM(D48)="","",IFERROR(INDEX('Student Master'!H:H,MATCH(D48,'Student Master'!B:B,0)),"Not Found")) -> K. CHINNA GANGARAM | K48: =IF(TRIM(D48)="","",IFERROR(INDEX('Student Master'!N:N,MATCH(D48,'Student Master'!B:B,0)),"Not Found")) -> KUMMANPALLY | L48: =IF(TRIM(D48)="","",IFERROR(INDEX('Student Master'!L:L,MATCH(D48,'Student Master'!B:B,0)),"Not Found")) -> 9640614462
A49: =A48+1 -> 48 | B49: 44769 | C49: 48 | D49: 4452 | E49: School Fees | F49: 1500 | H49: =IF(TRIM(D49)="","",IFERROR(INDEX('Student Master'!C:C,MATCH(D49,'Student Master'!B:B,0)),"Not Found")) -> K. SWATHI | I49: =IF(TRIM(D49)="","",IFERROR(INDEX('Student Master'!D:D,MATCH(D49,'Student Master'!B:B,0)),"Not Found")) -> U - AM | J49: =IF(TRIM(D49)="","",IFERROR(INDEX('Student Master'!H:H,MATCH(D49,'Student Master'!B:B,0)),"Not Found")) -> CHINNA GANGARAM | K49: =IF(TRIM(D49)="","",IFERROR(INDEX('Student Master'!N:N,MATCH(D49,'Student Master'!B:B,0)),"Not Found")) -> KUMMANPALLY | L49: =IF(TRIM(D49)="","",IFERROR(INDEX('Student Master'!L:L,MATCH(D49,'Student Master'!B:B,0)),"Not Found")) -> 9640614462
A50: =A49+1 -> 49 | B50: 44769 | C50: 49 | D50: 4626 | E50: School Fees | F50: 2000 | H50: =IF(TRIM(D50)="","",IFERROR(INDEX('Student Master'!C:C,MATCH(D50,'Student Master'!B:B,0)),"Not Found")) -> G.Srujan | I50: =IF(TRIM(D50)="","",IFERROR(INDEX('Student Master'!D:D,MATCH(D50,'Student Master'!B:B,0)),"Not Found")) -> L - AM | J50: =IF(TRIM(D50)="","",IFERROR(INDEX('Student Master'!H:H,MATCH(D50,'Student Master'!B:B,0)),"Not Found")) -> Jayram | K50: =IF(TRIM(D50)="","",IFERROR(INDEX('Student Master'!N:N,MATCH(D50,'Student Master'!B:B,0)),"Not Found")) -> PANTAKHURD OLD | L50: =IF(TRIM(D50)="","",IFERROR(INDEX('Student Master'!L:L,MATCH(D50,'Student Master'!B:B,0)),"Not Found")) -> 9346062752
A51: =A50+1 -> 50 | B51: 44769 | C51: 50 | D51: 3980 | E51: School Fees | F51: 4500 | H51: =IF(TRIM(D51)="","",IFERROR(INDEX('Student Master'!C:C,MATCH(D51,'Student Master'!B:B,0)),"Not Found")) -> K. DEEKSHITHA REDDY | I51: =IF(TRIM(D51)="","",IFERROR(INDEX('Student Master'!D:D,MATCH(D51,'Student Master'!B:B,0)),"Not Found")) -> 3 - BM | J51: =IF(TRIM(D51)="","",IFERROR(INDEX('Student Master'!H:H,MATCH(D51,'Student Master'!B:B,0)),"Not Found")) -> K. SHIVALINGA REDDY | K51: =IF(TRIM(D51)="","",IFERROR(INDEX('Student Master'!N:N,MATCH(D51,'Student Master'!B:B,0)),"Not Found")) -> SALAMPAD | L51: =IF(TRIM(D51)="","",IFERROR(INDEX('Student Master'!L:L,MATCH(D51,'Student Master'!B:B,0)),"Not Found")) -> 9666793818
A52: =A51+1 -> 51 | B52: 44769 | C52: 51 | D52: 2956 | E52: School Fees | F52: 6000 | H52: =IF(TRIM(D52)="","",IFERROR(INDEX('Student Master'!C:C,MATCH(D52,'Student Master'!B:B,0)),"Not Found")) -> K. LAHARI | I52: =IF(TRIM(D52)="","",IFERROR(INDEX('Student Master'!D:D,MATCH(D52,'Student Master'!B:B,0)),"Not Found")) -> 7 - AM | J52: =IF(TRIM(D52)="","",IFERROR(INDEX('Student Master'!H:H,MATCH(D52,'Student Master'!B:B,0)),"Not Found")) -> SHIVA LINGA REDDY | K52: =IF(TRIM(D52)="","",IFERROR(INDEX('Student Master'!N:N,MATCH(D52,'Student Master'!B:B,0)),"Not Found")) -> SALAMPAD | L52: =IF(TRIM(D52)="","",IFERROR(INDEX('Student Master'!L:L,MATCH(D52,'Student Master'!B:B,0)),"Not Found")) -> 9666793818
A53: =A52+1 -> 52 | B53: 44769 | C53: 52 | D53: 3038 | E53: School Fees | F53: 6000 | H53: =IF(TRIM(D53)="","",IFERROR(INDEX('Student Master'!C:C,MATCH(D53,'Student Master'!B:B,0)),"Not Found")) -> K. MANOGNA | I53: =IF(TRIM(D53)="","",IFERROR(INDEX('Student Master'!D:D,MATCH(D53,'Student Master'!B:B,0)),"Not Found")) -> 7 - AM | J53: =IF(TRIM(D53)="","",IFERROR(INDEX('Student Master'!H:H,MATCH(D53,'Student Master'!B:B,0)),"Not Found")) -> KISHORE KUMAR REDDY | K53: =IF(TRIM(D53)="","",IFERROR(INDEX('Student Master'!N:N,MATCH(D53,'Student Master'!B:B,0)),"Not Found")) -> SALAMPAD | L53: =IF(TRIM(D53)="","",IFERROR(INDEX('Student Master'!L:L,MATCH(D53,'Student Master'!B:B,0)),"Not Found")) -> 8374952490
A54: =A53+1 -> 53 | B54: 44769 | C54: 53 | D54: 4386 | E54: School Fees | F54: 3000 | H54: =IF(TRIM(D54)="","",IFERROR(INDEX('Student Master'!C:C,MATCH(D54,'Student Master'!B:B,0)),"Not Found")) -> R. NANDINI | I54: =IF(TRIM(D54)="","",IFERROR(INDEX('Student Master'!D:D,MATCH(D54,'Student Master'!B:B,0)),"Not Found")) -> 9 - AM | J54: =IF(TRIM(D54)="","",IFERROR(INDEX('Student Master'!H:H,MATCH(D54,'Student Master'!B:B,0)),"Not Found")) -> PRAKASAM | K54: =IF(TRIM(D54)="","",IFERROR(INDEX('Student Master'!N:N,MATCH(D54,'Student Master'!B:B,0)),"Not Found")) -> KOPPARTHI CAMP | L54: =IF(TRIM(D54)="","",IFERROR(INDEX('Student Master'!L:L,MATCH(D54,'Student Master'!B:B,0)),"Not Found")) -> 8639551032
A55: =A54+1 -> 54 | B55: 44770 | C55: 54 | D55: 3990 | E55: School Fees | F55: 1000 | H55: =IF(TRIM(D55)="","",IFERROR(INDEX('Student Master'!C:C,MATCH(D55,'Student Master'!B:B,0)),"Not Found")) -> ZEENATH ALSHA | I55: =IF(TRIM(D55)="","",IFERROR(INDEX('Student Master'!D:D,MATCH(D55,'Student Master'!B:B,0)),"Not Found")) -> 3 - BM | J55: =IF(TRIM(D55)="","",IFERROR(INDEX('Student Master'!H:H,MATCH(D55,'Student Master'!B:B,0)),"Not Found")) -> SHAIK AMEER QUSRO | K55: =IF(TRIM(D55)="","",IFERROR(INDEX('Student Master'!N:N,MATCH(D55,'Student Master'!B:B,0)),"Not Found")) -> SHARBATHI CANAL | L55: =IF(TRIM(D55)="","",IFERROR(INDEX('Student Master'!L:L,MATCH(D55,'Student Master'!B:B,0)),"Not Found")) -> 9010273886
A56: =A55+1 -> 55 | B56: 44770 | C56: 55 | D56: 4486 | E56: School Fees | F56: 1000 | H56: =IF(TRIM(D56)="","",IFERROR(INDEX('Student Master'!C:C,MATCH(D56,'Student Master'!B:B,0)),"Not Found")) -> SK. DAWWOD | I56: =IF(TRIM(D56)="","",IFERROR(INDEX('Student Master'!D:D,MATCH(D56,'Student Master'!B:B,0)),"Not Found")) -> U - BM | J56: =IF(TRIM(D56)="","",IFERROR(INDEX('Student Master'!H:H,MATCH(D56,'Student Master'!B:B,0)),"Not Found")) -> AMEER KHUSRO | K56: =IF(TRIM(D56)="","",IFERROR(INDEX('Student Master'!N:N,MATCH(D56,'Student Master'!B:B,0)),"Not Found")) -> SHARBATHI CANAL | L56: =IF(TRIM(D56)="","",IFERROR(INDEX('Student Master'!L:L,MATCH(D56,'Student Master'!B:B,0)),"Not Found")) -> 9010273886
A57: =A56+1 -> 56 | B57: 44770 | C57: 56 | D57: 4290 | E57: School Fees | F57: 2000 | H57: =IF(TRIM(D57)="","",IFERROR(INDEX('Student Master'!C:C,MATCH(D57,'Student Master'!B:B,0)),"Not Found")) -> P. JASHWITHA | I57: =IF(TRIM(D57)="","",IFERROR(INDEX('Student Master'!D:D,MATCH(D57,'Student Master'!B:B,0)),"Not Found")) -> 2 - BM | J57: =IF(TRIM(D57)="","",IFERROR(INDEX('Student Master'!H:H,MATCH(D57,'Student Master'!B:B,0)),"Not Found")) -> P. NARASIMHA RAO | K57: =IF(TRIM(D57)="","",IFERROR(INDEX('Student Master'!N:N,MATCH(D57,'Student Master'!B:B,0)),"Not Found")) -> SALOORA CAMP | L57: =IF(TRIM(D57)="","",IFERROR(INDEX('Student Master'!L:L,MATCH(D57,'Student Master'!B:B,0)),"Not Found")) -> 9640268643
A58: =A57+1 -> 57 | B58: 44771 | C58: 57 | D58: 4238 | E58: School Fees | F58: 2500 | H58: =IF(TRIM(D58)="","",IFERROR(INDEX('Student Master'!C:C,MATCH(D58,'Student Master'!B:B,0)),"Not Found")) -> AAIRA FATHIMA | I58: =IF(TRIM(D58)="","",IFERROR(INDEX('Student Master'!D:D,MATCH(D58,'Student Master'!B:B,0)),"Not Found")) -> 2 - AM | J58: =IF(TRIM(D58)="","",IFERROR(INDEX('Student Master'!H:H,MATCH(D58,'Student Master'!B:B,0)),"Not Found")) -> MD. IYNUL HAQ | K58: =IF(TRIM(D58)="","",IFERROR(INDEX('Student Master'!N:N,MATCH(D58,'Student Master'!B:B,0)),"Not Found")) -> SHARBATHI CANAL | L58: =IF(TRIM(D58)="","",IFERROR(INDEX('Student Master'!L:L,MATCH(D58,'Student Master'!B:B,0)),"Not Found")) -> 9440964877
A59: =A58+1 -> 58 | B59: 44771 | C59: 58 | D59: 3823 | E59: School Fees | F59: 2500 | H59: =IF(TRIM(D59)="","",IFERROR(INDEX('Student Master'!C:C,MATCH(D59,'Student Master'!B:B,0)),"Not Found")) -> MD. SUFYAAN HASNAIN | I59: =IF(TRIM(D59)="","",IFERROR(INDEX('Student Master'!D:D,MATCH(D59,'Student Master'!B:B,0)),"Not Found")) -> 4 - BM | J59: =IF(TRIM(D59)="","",IFERROR(INDEX('Student Master'!H:H,MATCH(D59,'Student Master'!B:B,0)),"Not Found")) -> IYNUL HAQ | K59: =IF(TRIM(D59)="","",IFERROR(INDEX('Student Master'!N:N,MATCH(D59,'Student Master'!B:B,0)),"Not Found")) -> SHARBATHI CANAL | L59: =IF(TRIM(D59)="","",IFERROR(INDEX('Student Master'!L:L,MATCH(D59,'Student Master'!B:B,0)),"Not Found")) -> 9440964877
A60: =A59+1 -> 59 | B60: 44771 | C60: 59 | D60: 3565 | E60: School Fees | F60: 2500 | H60: =IF(TRIM(D60)="","",IFERROR(INDEX('Student Master'!C:C,MATCH(D60,'Student Master'!B:B,0)),"Not Found")) -> MEHVISH FATHIMA | I60: =IF(TRIM(D60)="","",IFERROR(INDEX('Student Master'!D:D,MATCH(D60,'Student Master'!B:B,0)),"Not Found")) -> 5 - BM | J60: =IF(TRIM(D60)="","",IFERROR(INDEX('Student Master'!H:H,MATCH(D60,'Student Master'!B:B,0)),"Not Found")) -> AINUL HAQUE | K60: =IF(TRIM(D60)="","",IFERROR(INDEX('Student Master'!N:N,MATCH(D60,'Student Master'!B:B,0)),"Not Found")) -> SHARBATHI CANAL | L60: =IF(TRIM(D60)="","",IFERROR(INDEX('Student Master'!L:L,MATCH(D60,'Student Master'!B:B,0)),"Not Found")) -> 9440964877
... A144: =A143+1 -> 143 | B144: 44807 | C144: 143 | D144: 4452 | E144: School Fees | F144: 5500 | H144: =IF(TRIM(D144)="","",IFERROR(INDEX('Student Master'!C:C,MATCH(D144,'Student Master'!B:B,0)),"Not Found")) -> K. SWATHI | I144: =IF(TRIM(D144)="","",IFERROR(INDEX('Student Master'!D:D,MATCH(D144,'Student Master'!B:B,0)),"Not Found")) -> U - AM | J144: =IF(TRIM(D144)="","",IFERROR(INDEX('Student Master'!H:H,MATCH(D144,'Student Master'!B:B,0)),"Not Found")) -> CHINNA GANGARAM | K144: =IF(TRIM(D144)="","",IFERROR(INDEX('Student Master'!N:N,MATCH(D144,'Student Master'!B:B,0)),"Not Found")) -> KUMMANPALLY | L144: =IF(TRIM(D144)="","",IFERROR(INDEX('Student Master'!L:L,MATCH(D144,'Student Master'!B:B,0)),"Not Found")) -> 9640614462
A145: =A144+1 -> 144 | B145: 44807 | C145: 144 | D145: x124 | E145: School Fees | F145: 5500 | H145: =IF(TRIM(D145)="","",IFERROR(INDEX('Student Master'!C:C,MATCH(D145,'Student Master'!B:B,0)),"Not Found")) -> K. ANJANA SOWMYA | I145: =IF(TRIM(D145)="","",IFERROR(INDEX('Student Master'!D:D,MATCH(D145,'Student Master'!B:B,0)),"Not Found")) -> 2 - BM | J145: =IF(TRIM(D145)="","",IFERROR(INDEX('Student Master'!H:H,MATCH(D145,'Student Master'!B:B,0)),"Not Found")) -> K. CHINNA GANGARAM | K145: =IF(TRIM(D145)="","",IFERROR(INDEX('Student Master'!N:N,MATCH(D145,'Student Master'!B:B,0)),"Not Found")) -> KUMMANPALLY | L145: =IF(TRIM(D145)="","",IFERROR(INDEX('Student Master'!L:L,MATCH(D145,'Student Master'!B:B,0)),"Not Found")) -> 9640614462
A146: =A145+1 -> 145 | B146: 44807 | C146: 145 | D146: 4195 | E146: School Fees | F146: 4000 | H146: =IF(TRIM(D146)="","",IFERROR(INDEX('Student Master'!C:C,MATCH(D146,'Student Master'!B:B,0)),"Not Found")) -> CH. TEJASVI | I146: =IF(TRIM(D146)="","",IFERROR(INDEX('Student Master'!D:D,MATCH(D146,'Student Master'!B:B,0)),"Not Found")) -> 2 - BM | J146: =IF(TRIM(D146)="","",IFERROR(INDEX('Student Master'!H:H,MATCH(D146,'Student Master'!B:B,0)),"Not Found")) -> CH. ANAND | K146: =IF(TRIM(D146)="","",IFERROR(INDEX('Student Master'!N:N,MATCH(D146,'Student Master'!B:B,0)),"Not Found")) -> PANTA CAMP | L146: =IF(TRIM(D146)="","",IFERROR(INDEX('Student Master'!L:L,MATCH(D146,'Student Master'!B:B,0)),"Not Found")) -> 9866673755
A147: =A146+1 -> 146 | B147: 44807 | C147: 146 | D147: 4501 | E147: School Fees | F147: 4000 | H147: =IF(TRIM(D147)="","",IFERROR(INDEX('Student Master'!C:C,MATCH(D147,'Student Master'!B:B,0)),"Not Found")) -> CH. AARTHI NAGA SAI | I147: =IF(TRIM(D147)="","",IFERROR(INDEX('Student Master'!D:D,MATCH(D147,'Student Master'!B:B,0)),"Not Found")) -> U - BM | J147: =IF(TRIM(D147)="","",IFERROR(INDEX('Student Master'!H:H,MATCH(D147,'Student Master'!B:B,0)),"Not Found")) -> ANAND | K147: =IF(TRIM(D147)="","",IFERROR(INDEX('Student Master'!N:N,MATCH(D147,'Student Master'!B:B,0)),"Not Found")) -> PANTAKHURD OLD | L147: =IF(TRIM(D147)="","",IFERROR(INDEX('Student Master'!L:L,MATCH(D147,'Student Master'!B:B,0)),"Not Found")) -> 9866673755
A148: =A147+1 -> 147 | B148: 44807 | C148: 147 | D148: 4633 | E148: School Fees | F148: 2000 | H148: =IF(TRIM(D148)="","",IFERROR(INDEX('Student Master'!C:C,MATCH(D148,'Student Master'!B:B,0)),"Not Found")) -> SHAIK MAVIYA | I148: =IF(TRIM(D148)="","",IFERROR(INDEX('Student Master'!D:D,MATCH(D148,'Student Master'!B:B,0)),"Not Found")) -> U - AM | J148: =IF(TRIM(D148)="","",IFERROR(INDEX('Student Master'!H:H,MATCH(D148,'Student Master'!B:B,0)),"Not Found")) -> MAQDOOM | K148: =IF(TRIM(D148)="","",IFERROR(INDEX('Student Master'!N:N,MATCH(D148,'Student Master'!B:B,0)),"Not Found")) -> Bodhan | L148: =IF(TRIM(D148)="","",IFERROR(INDEX('Student Master'!L:L,MATCH(D148,'Student Master'!B:B,0)),"Not Found")) -> 9963978223
A149: =A148+1 -> 148 | B149: 44807 | C149: 148 | D149: 4778 | E149: School Fees | F149: 5000 | H149: =IF(TRIM(D149)="","",IFERROR(INDEX('Student Master'!C:C,MATCH(D149,'Student Master'!B:B,0)),"Not Found")) -> CH. RAKSHITHA | I149: =IF(TRIM(D149)="","",IFERROR(INDEX('Student Master'!D:D,MATCH(D149,'Student Master'!B:B,0)),"Not Found")) -> 1 - AM | J149: =IF(TRIM(D149)="","",IFERROR(INDEX('Student Master'!H:H,MATCH(D149,'Student Master'!B:B,0)),"Not Found")) -> CH. RAJESH | K149: =IF(TRIM(D149)="","",IFERROR(INDEX('Student Master'!N:N,MATCH(D149,'Student Master'!B:B,0)),"Not Found")) -> JADI JAMALPUR | L149: =IF(TRIM(D149)="","",IFERROR(INDEX('Student Master'!L:L,MATCH(D149,'Student Master'!B:B,0)),"Not Found")) -> 9059051431
A150: =A149+1 -> 149 | B150: 44807 | C150: 149 | D150: 4444 | E150: School Fees | F150: 2000 | H150: =IF(TRIM(D150)="","",IFERROR(INDEX('Student Master'!C:C,MATCH(D150,'Student Master'!B:B,0)),"Not Found")) -> U. JASHITHA | I150: =IF(TRIM(D150)="","",IFERROR(INDEX('Student Master'!D:D,MATCH(D150,'Student Master'!B:B,0)),"Not Found")) -> L - AM | J150: =IF(TRIM(D150)="","",IFERROR(INDEX('Student Master'!H:H,MATCH(D150,'Student Master'!B:B,0)),"Not Found")) -> NAGANATH | K150: =IF(TRIM(D150)="","",IFERROR(INDEX('Student Master'!N:N,MATCH(D150,'Student Master'!B:B,0)),"Not Found")) -> L.B.S. NAGAR | L150: =IF(TRIM(D150)="","",IFERROR(INDEX('Student Master'!L:L,MATCH(D150,'Student Master'!B:B,0)),"Not Found")) -> 8179841092
A151: =A150+1 -> 150 | B151: 44807 | C151: 150 | D151: 4333 | E151: School Fees | F151: 2500 | H151: =IF(TRIM(D151)="","",IFERROR(INDEX('Student Master'!C:C,MATCH(D151,'Student Master'!B:B,0)),"Not Found")) -> SUBIYA FATHIMA | I151: =IF(TRIM(D151)="","",IFERROR(INDEX('Student Master'!D:D,MATCH(D151,'Student Master'!B:B,0)),"Not Found")) -> 1 - BM | J151: =IF(TRIM(D151)="","",IFERROR(INDEX('Student Master'!H:H,MATCH(D151,'Student Master'!B:B,0)),"Not Found")) -> ABDUL WAJID | K151: =IF(TRIM(D151)="","",IFERROR(INDEX('Student Master'!N:N,MATCH(D151,'Student Master'!B:B,0)),"Not Found")) -> RAKASIPET | L151: =IF(TRIM(D151)="","",IFERROR(INDEX('Student Master'!L:L,MATCH(D151,'Student Master'!B:B,0)),"Not Found")) -> 7729803720
A152: =A151+1 -> 151 | B152: 44807 | C152: 151 | D152: 3819 | E152: School Fees | F152: 2500 | H152: =IF(TRIM(D152)="","",IFERROR(INDEX('Student Master'!C:C,MATCH(D152,'Student Master'!B:B,0)),"Not Found")) -> SK. ABDUL MALIK | I152: =IF(TRIM(D152)="","",IFERROR(INDEX('Student Master'!D:D,MATCH(D152,'Student Master'!B:B,0)),"Not Found")) -> 4 - BM | J152: =IF(TRIM(D152)="","",IFERROR(INDEX('Student Master'!H:H,MATCH(D152,'Student Master'!B:B,0)),"Not Found")) -> ABDUL WAJID | K152: =IF(TRIM(D152)="","",IFERROR(INDEX('Student Master'!N:N,MATCH(D152,'Student Master'!B:B,0)),"Not Found")) -> RAKASIPET | L152: =IF(TRIM(D152)="","",IFERROR(INDEX('Student Master'!L:L,MATCH(D152,'Student Master'!B:B,0)),"Not Found")) -> 7729803720
A153: =A152+1 -> 152 | B153: 44807 | C153: 152 | D153: 4238 | E153: School Fees | F153: 2500 | H153: =IF(TRIM(D153)="","",IFERROR(INDEX('Student Master'!C:C,MATCH(D153,'Student Master'!B:B,0)),"Not Found")) -> AAIRA FATHIMA | I153: =IF(TRIM(D153)="","",IFERROR(INDEX('Student Master'!D:D,MATCH(D153,'Student Master'!B:B,0)),"Not Found")) -> 2 - AM | J153: =IF(TRIM(D153)="","",IFERROR(INDEX('Student Master'!H:H,MATCH(D153,'Student Master'!B:B,0)),"Not Found")) -> MD. IYNUL HAQ | K153: =IF(TRIM(D153)="","",IFERROR(INDEX('Student Master'!N:N,MATCH(D153,'Student Master'!B:B,0)),"Not Found")) -> SHARBATHI CANAL | L153: =IF(TRIM(D153)="","",IFERROR(INDEX('Student Master'!L:L,MATCH(D153,'Student Master'!B:B,0)),"Not Found")) -> 9440964877
A154: =A153+1 -> 153 | B154: 44807 | C154: 153 | D154: 3823 | E154: School Fees | F154: 2500 | H154: =IF(TRIM(D154)="","",IFERROR(INDEX('Student Master'!C:C,MATCH(D154,'Student Master'!B:B,0)),"Not Found")) -> MD. SUFYAAN HASNAIN | I154: =IF(TRIM(D154)="","",IFERROR(INDEX('Student Master'!D:D,MATCH(D154,'Student Master'!B:B,0)),"Not Found")) -> 4 - BM | J154: =IF(TRIM(D154)="","",IFERROR(INDEX('Student Master'!H:H,MATCH(D154,'Student Master'!B:B,0)),"Not Found")) -> IYNUL HAQ | K154: =IF(TRIM(D154)="","",IFERROR(INDEX('Student Master'!N:N,MATCH(D154,'Student Master'!B:B,0)),"Not Found")) -> SHARBATHI CANAL | L154: =IF(TRIM(D154)="","",IFERROR(INDEX('Student Master'!L:L,MATCH(D154,'Student Master'!B:B,0)),"Not Found")) -> 9440964877
A155: =A154+1 -> 154 | B155: 44807 | C155: 154 | D155: 3565 | E155: School Fees | F155: 2500 | H155: =IF(TRIM(D155)="","",IFERROR(INDEX('Student Master'!C:C,MATCH(D155,'Student Master'!B:B,0)),"Not Found")) -> MEHVISH FATHIMA | I155: =IF(TRIM(D155)="","",IFERROR(INDEX('Student Master'!D:D,MATCH(D155,'Student Master'!B:B,0)),"Not Found")) -> 5 - BM | J155: =IF(TRIM(D155)="","",IFERROR(INDEX('Student Master'!H:H,MATCH(D155,'Student Master'!B:B,0)),"Not Found")) -> AINUL HAQUE | K155: =IF(TRIM(D155)="","",IFERROR(INDEX('Student Master'!N:N,MATCH(D155,'Student Master'!B:B,0)),"Not Found")) -> SHARBATHI CANAL | L155: =IF(TRIM(D155)="","",IFERROR(INDEX('Student Master'!L:L,MATCH(D155,'Student Master'!B:B,0)),"Not Found")) -> 9440964877
A156: =A155+1 -> 155 | B156: 44807 | C156: 155 | D156: 4393 | E156: School Fees | F156: 2500 | H156: =IF(TRIM(D156)="","",IFERROR(INDEX('Student Master'!C:C,MATCH(D156,'Student Master'!B:B,0)),"Not Found")) -> TUBA FATHIMA | I156: =IF(TRIM(D156)="","",IFERROR(INDEX('Student Master'!D:D,MATCH(D156,'Student Master'!B:B,0)),"Not Found")) -> U - BM | J156: =IF(TRIM(D156)="","",IFERROR(INDEX('Student Master'!H:H,MATCH(D156,'Student Master'!B:B,0)),"Not Found")) -> IYNUL HAQUE | K156: =IF(TRIM(D156)="","",IFERROR(INDEX('Student Master'!N:N,MATCH(D156,'Student Master'!B:B,0)),"Not Found")) -> SHARBATHI CANAL | L156: =IF(TRIM(D156)="","",IFERROR(INDEX('Student Master'!L:L,MATCH(D156,'Student Master'!B:B,0)),"Not Found")) -> 9440964877
A157: =A156+1 -> 156 | B157: 44808 | C157: 156 | D157: 4257 | E157: School Fees | F157: 3000 | H157: =IF(TRIM(D157)="","",IFERROR(INDEX('Student Master'!C:C,MATCH(D157,'Student Master'!B:B,0)),"Not Found")) -> G. VARSHINI | I157: =IF(TRIM(D157)="","",IFERROR(INDEX('Student Master'!D:D,MATCH(D157,'Student Master'!B:B,0)),"Not Found")) -> 2 - AM | J157: =IF(TRIM(D157)="","",IFERROR(INDEX('Student Master'!H:H,MATCH(D157,'Student Master'!B:B,0)),"Not Found")) -> G. POSHETTY | K157: =IF(TRIM(D157)="","",IFERROR(INDEX('Student Master'!N:N,MATCH(D157,'Student Master'!B:B,0)),"Not Found")) -> NEAR H.P.O. | L157: =IF(TRIM(D157)="","",IFERROR(INDEX('Student Master'!L:L,MATCH(D157,'Student Master'!B:B,0)),"Not Found")) -> 9908315010
... A166: =A165+1 -> 165 | B166: 44732 | C166: 403 | D166: 4737 | E166: School Fees | F166: 1000 | H166: =IF(TRIM(D166)="","",IFERROR(INDEX('Student Master'!C:C,MATCH(D166,'Student Master'!B:B,0)),"Not Found")) -> M.SRIYAN | I166: =IF(TRIM(D166)="","",IFERROR(INDEX('Student Master'!D:D,MATCH(D166,'Student Master'!B:B,0)),"Not Found")) -> L - AS | J166: =IF(TRIM(D166)="","",IFERROR(INDEX('Student Master'!H:H,MATCH(D166,'Student Master'!B:B,0)),"Not Found")) -> VENU GOPAL | K166: =IF(TRIM(D166)="","",IFERROR(INDEX('Student Master'!N:N,MATCH(D166,'Student Master'!B:B,0)),"Not Found")) -> Saraswathi Nagar | L166: =IF(TRIM(D166)="","",IFERROR(INDEX('Student Master'!L:L,MATCH(D166,'Student Master'!B:B,0)),"Not Found")) -> 9652261909
A167: =A166+1 -> 166 | B167: 44734 | C167: 404 | D167: 4575 | E167: School Fees | F167: 2000 | H167: =IF(TRIM(D167)="","",IFERROR(INDEX('Student Master'!C:C,MATCH(D167,'Student Master'!B:B,0)),"Not Found")) -> B.SHIVA CHARAN | I167: =IF(TRIM(D167)="","",IFERROR(INDEX('Student Master'!D:D,MATCH(D167,'Student Master'!B:B,0)),"Not Found")) -> 1 - BM | J167: =IF(TRIM(D167)="","",IFERROR(INDEX('Student Master'!H:H,MATCH(D167,'Student Master'!B:B,0)),"Not Found")) -> SANTHOSH | L167: =IF(TRIM(D167)="","",IFERROR(INDEX('Student Master'!L:L,MATCH(D167,'Student Master'!B:B,0)),"Not Found")) -> 8688174705 | N167: NC | O167: P. NIKSHITH
A168: =A167+1 -> 167 | B168: 44739 | C168: 405 | D168: 4805 | E168: School Fees | F168: 5000 | H168: =IF(TRIM(D168)="","",IFERROR(INDEX('Student Master'!C:C,MATCH(D168,'Student Master'!B:B,0)),"Not Found")) -> T.NAGESH | I168: =IF(TRIM(D168)="","",IFERROR(INDEX('Student Master'!D:D,MATCH(D168,'Student Master'!B:B,0)),"Not Found")) -> 6 - AS | J168: =IF(TRIM(D168)="","",IFERROR(INDEX('Student Master'!H:H,MATCH(D168,'Student Master'!B:B,0)),"Not Found")) -> T. BALAJI | K168: =IF(TRIM(D168)="","",IFERROR(INDEX('Student Master'!N:N,MATCH(D168,'Student Master'!B:B,0)),"Not Found")) -> Nanded | L168: =IF(TRIM(D168)="","",IFERROR(INDEX('Student Master'!L:L,MATCH(D168,'Student Master'!B:B,0)),"Not Found")) -> 9951975538
A169: =A168+1 -> 168 | B169: 44739 | C169: 406 | D169: 3195 | E169: School Fees | F169: 5000 | H169: =IF(TRIM(D169)="","",IFERROR(INDEX('Student Master'!C:C,MATCH(D169,'Student Master'!B:B,0)),"Not Found")) -> T. DATTA | I169: =IF(TRIM(D169)="","",IFERROR(INDEX('Student Master'!D:D,MATCH(D169,'Student Master'!B:B,0)),"Not Found")) -> 7 - AS | J169: =IF(TRIM(D169)="","",IFERROR(INDEX('Student Master'!H:H,MATCH(D169,'Student Master'!B:B,0)),"Not Found")) -> T. BALAJI | K169: =IF(TRIM(D169)="","",IFERROR(INDEX('Student Master'!N:N,MATCH(D169,'Student Master'!B:B,0)),"Not Found")) -> RAMPUR(K) | L169: =IF(TRIM(D169)="","",IFERROR(INDEX('Student Master'!L:L,MATCH(D169,'Student Master'!B:B,0)),"Not Found")) -> 9951341239
A170: =A169+1 -> 169 | B170: 44739 | C170: 407 | D170: 4730 | E170: School Fees | F170: 2000 | H170: =IF(TRIM(D170)="","",IFERROR(INDEX('Student Master'!C:C,MATCH(D170,'Student Master'!B:B,0)),"Not Found")) -> B. UPENDER | I170: =IF(TRIM(D170)="","",IFERROR(INDEX('Student Master'!D:D,MATCH(D170,'Student Master'!B:B,0)),"Not Found")) -> 1 - AS | J170: =IF(TRIM(D170)="","",IFERROR(INDEX('Student Master'!H:H,MATCH(D170,'Student Master'!B:B,0)),"Not Found")) -> B.BARMAL | K170: =IF(TRIM(D170)="","",IFERROR(INDEX('Student Master'!N:N,MATCH(D170,'Student Master'!B:B,0)),"Not Found")) -> Gurjal Thanda | L170: =IF(TRIM(D170)="","",IFERROR(INDEX('Student Master'!L:L,MATCH(D170,'Student Master'!B:B,0)),"Not Found")) -> 7382394506
A171: =A170+1 -> 170 | B171: 44739 | C171: 408 | D171: 4594 | E171: School Fees | F171: 2000 | H171: =IF(TRIM(D171)="","",IFERROR(INDEX('Student Master'!C:C,MATCH(D171,'Student Master'!B:B,0)),"Not Found")) -> B.RAMU | I171: =IF(TRIM(D171)="","",IFERROR(INDEX('Student Master'!D:D,MATCH(D171,'Student Master'!B:B,0)),"Not Found")) -> 3 - AS | J171: =IF(TRIM(D171)="","",IFERROR(INDEX('Student Master'!H:H,MATCH(D171,'Student Master'!B:B,0)),"Not Found")) -> B.HAZARMAL | K171: =IF(TRIM(D171)="","",IFERROR(INDEX('Student Master'!N:N,MATCH(D171,'Student Master'!B:B,0)),"Not Found")) -> Gurjal Thanda | L171: =IF(TRIM(D171)="","",IFERROR(INDEX('Student Master'!L:L,MATCH(D171,'Student Master'!B:B,0)),"Not Found")) -> 7382394506
A172: =A171+1 -> 171 | B172: 44739 | C172: 409 | D172: 4733 | E172: School Fees | F172: 2000 | H172: =IF(TRIM(D172)="","",IFERROR(INDEX('Student Master'!C:C,MATCH(D172,'Student Master'!B:B,0)),"Not Found")) -> B.ARAVIND | I172: =IF(TRIM(D172)="","",IFERROR(INDEX('Student Master'!D:D,MATCH(D172,'Student Master'!B:B,0)),"Not Found")) -> 4 - AS | J172: =IF(TRIM(D172)="","",IFERROR(INDEX('Student Master'!H:H,MATCH(D172,'Student Master'!B:B,0)),"Not Found")) -> B. SANJU | K172: =IF(TRIM(D172)="","",IFERROR(INDEX('Student Master'!N:N,MATCH(D172,'Student Master'!B:B,0)),"Not Found")) -> Gurjal Thanda | L172: =IF(TRIM(D172)="","",IFERROR(INDEX('Student Master'!L:L,MATCH(D172,'Student Master'!B:B,0)),"Not Found")) -> 9347227011
A173: =A172+1 -> 172 | B173: 44739 | C173: 410 | D173: 4734 | E173: School Fees | F173: 2000 | H173: =IF(TRIM(D173)="","",IFERROR(INDEX('Student Master'!C:C,MATCH(D173,'Student Master'!B:B,0)),"Not Found")) -> B.MEGHA RAJ | I173: =IF(TRIM(D173)="","",IFERROR(INDEX('Student Master'!D:D,MATCH(D173,'Student Master'!B:B,0)),"Not Found")) -> 6 - AS | J173: =IF(TRIM(D173)="","",IFERROR(INDEX('Student Master'!H:H,MATCH(D173,'Student Master'!B:B,0)),"Not Found")) -> B. KISHAN | K173: =IF(TRIM(D173)="","",IFERROR(INDEX('Student Master'!N:N,MATCH(D173,'Student Master'!B:B,0)),"Not Found")) -> Gurjal Thanda | L173: =IF(TRIM(D173)="","",IFERROR(INDEX('Student Master'!L:L,MATCH(D173,'Student Master'!B:B,0)),"Not Found")) -> 6301333408
A174: =A173+1 -> 173 | B174: 44739 | C174: 411 | D174: 4593 | E174: School Fees | F174: 2000 | H174: =IF(TRIM(D174)="","",IFERROR(INDEX('Student Master'!C:C,MATCH(D174,'Student Master'!B:B,0)),"Not Found")) -> B.SRIKANTH | I174: =IF(TRIM(D174)="","",IFERROR(INDEX('Student Master'!D:D,MATCH(D174,'Student Master'!B:B,0)),"Not Found")) -> 7 - AS | J174: =IF(TRIM(D174)="","",IFERROR(INDEX('Student Master'!H:H,MATCH(D174,'Student Master'!B:B,0)),"Not Found")) -> B. JAWAR SINGH | K174: =IF(TRIM(D174)="","",IFERROR(INDEX('Student Master'!N:N,MATCH(D174,'Student Master'!B:B,0)),"Not Found")) -> Gurjal Thanda | L174: =IF(TRIM(D174)="","",IFERROR(INDEX('Student Master'!L:L,MATCH(D174,'Student Master'!B:B,0)),"Not Found")) -> 9494259476
A175: =A174+1 -> 174 | B175: 44739 | C175: 412 | D175: 4525 | E175: School Fees | F175: 2000 | H175: =IF(TRIM(D175)="","",IFERROR(INDEX('Student Master'!C:C,MATCH(D175,'Student Master'!B:B,0)),"Not Found")) -> B.GOVIND | I175: =IF(TRIM(D175)="","",IFERROR(INDEX('Student Master'!D:D,MATCH(D175,'Student Master'!B:B,0)),"Not Found")) -> 8 - AS | J175: =IF(TRIM(D175)="","",IFERROR(INDEX('Student Master'!H:H,MATCH(D175,'Student Master'!B:B,0)),"Not Found")) -> DEVI SINGH | K175: =IF(TRIM(D175)="","",IFERROR(INDEX('Student Master'!N:N,MATCH(D175,'Student Master'!B:B,0)),"Not Found")) -> Gurjal Thanda | L175: =IF(TRIM(D175)="","",IFERROR(INDEX('Student Master'!L:L,MATCH(D175,'Student Master'!B:B,0)),"Not Found")) -> 8985096435
A176: =A175+1 -> 175 | B176: 44739 | C176: 413 | D176: 4729 | E176: School Fees | F176: 5000 | H176: =IF(TRIM(D176)="","",IFERROR(INDEX('Student Master'!C:C,MATCH(D176,'Student Master'!B:B,0)),"Not Found")) -> K.YOGESHWARA YAGNAVALKA | I176: =IF(TRIM(D176)="","",IFERROR(INDEX('Student Master'!D:D,MATCH(D176,'Student Master'!B:B,0)),"Not Found")) -> 5 - AS | J176: =IF(TRIM(D176)="","",IFERROR(INDEX('Student Master'!H:H,MATCH(D176,'Student Master'!B:B,0)),"Not Found")) -> K. SRINIVAS | K176: =IF(TRIM(D176)="","",IFERROR(INDEX('Student Master'!N:N,MATCH(D176,'Student Master'!B:B,0)),"Not Found")) -> Godisera | L176: =IF(TRIM(D176)="","",IFERROR(INDEX('Student Master'!L:L,MATCH(D176,'Student Master'!B:B,0)),"Not Found")) -> 9949894579
A177: =A176+1 -> 176 | B177: 44739 | C177: 414 | D177: 4731 | E177: School Fees | F177: 2000 | H177: =IF(TRIM(D177)="","",IFERROR(INDEX('Student Master'!C:C,MATCH(D177,'Student Master'!B:B,0)),"Not Found")) -> Not Found | I177: =IF(TRIM(D177)="","",IFERROR(INDEX('Student Master'!D:D,MATCH(D177,'Student Master'!B:B,0)),"Not Found")) -> Not Found | J177: =IF(TRIM(D177)="","",IFERROR(INDEX('Student Master'!H:H,MATCH(D177,'Student Master'!B:B,0)),"Not Found")) -> Not Found | K177: =IF(TRIM(D177)="","",IFERROR(INDEX('Student Master'!N:N,MATCH(D177,'Student Master'!B:B,0)),"Not Found")) -> Not Found | L177: =IF(TRIM(D177)="","",IFERROR(INDEX('Student Master'!L:L,MATCH(D177,'Student Master'!B:B,0)),"Not Found")) -> Not Found | N177: NC | O177: R.AJAY
A178: =A177+1 -> 177 | B178: 44739 | C178: 415 | D178: 4661 | E178: School Fees | F178: 2500 | H178: =IF(TRIM(D178)="","",IFERROR(INDEX('Student Master'!C:C,MATCH(D178,'Student Master'!B:B,0)),"Not Found")) -> B.AJAY KUMAR | I178: =IF(TRIM(D178)="","",IFERROR(INDEX('Student Master'!D:D,MATCH(D178,'Student Master'!B:B,0)),"Not Found")) -> 9 - AS | J178: =IF(TRIM(D178)="","",IFERROR(INDEX('Student Master'!H:H,MATCH(D178,'Student Master'!B:B,0)),"Not Found")) -> B.VISHWANATH | K178: =IF(TRIM(D178)="","",IFERROR(INDEX('Student Master'!N:N,MATCH(D178,'Student Master'!B:B,0)),"Not Found")) -> Nirmal | L178: =IF(TRIM(D178)="","",IFERROR(INDEX('Student Master'!L:L,MATCH(D178,'Student Master'!B:B,0)),"Not Found")) -> 9618338026
A179: =A178+1 -> 178 | B179: 44739 | C179: 416 | D179: 4662 | E179: School Fees | F179: 2500 | H179: =IF(TRIM(D179)="","",IFERROR(INDEX('Student Master'!C:C,MATCH(D179,'Student Master'!B:B,0)),"Not Found")) -> J.SHIVANAND | I179: =IF(TRIM(D179)="","",IFERROR(INDEX('Student Master'!D:D,MATCH(D179,'Student Master'!B:B,0)),"Not Found")) -> 9 - AS | J179: =IF(TRIM(D179)="","",IFERROR(INDEX('Student Master'!H:H,MATCH(D179,'Student Master'!B:B,0)),"Not Found")) -> J. MARUTHI | K179: =IF(TRIM(D179)="","",IFERROR(INDEX('Student Master'!N:N,MATCH(D179,'Student Master'!B:B,0)),"Not Found")) -> Limba K | L179: =IF(TRIM(D179)="","",IFERROR(INDEX('Student Master'!L:L,MATCH(D179,'Student Master'!B:B,0)),"Not Found")) -> 9912845431
A180: =A179+1 -> 179 | B180: 44739 | C180: 417 | D180: 4545 | E180: School Fees | F180: 3000 | H180: =IF(TRIM(D180)="","",IFERROR(INDEX('Student Master'!C:C,MATCH(D180,'Student Master'!B:B,0)),"Not Found")) -> S.RAM CHARAN TEJA | I180: =IF(TRIM(D180)="","",IFERROR(INDEX('Student Master'!D:D,MATCH(D180,'Student Master'!B:B,0)),"Not Found")) -> 7 - AS | J180: =IF(TRIM(D180)="","",IFERROR(INDEX('Student Master'!H:H,MATCH(D180,'Student Master'!B:B,0)),"Not Found")) -> S. CHINNANNA | K180: =IF(TRIM(D180)="","",IFERROR(INDEX('Student Master'!N:N,MATCH(D180,'Student Master'!B:B,0)),"Not Found")) -> Limba -K | L180: =IF(TRIM(D180)="","",IFERROR(INDEX('Student Master'!L:L,MATCH(D180,'Student Master'!B:B,0)),"Not Found")) -> 7337505048
A181: =A180+1 -> 180 | B181: 44739 | C181: 418 | D181: 4546 | E181: School Fees | F181: 5000 | H181: =IF(TRIM(D181)="","",IFERROR(INDEX('Student Master'!C:C,MATCH(D181,'Student Master'!B:B,0)),"Not Found")) -> D. VAMSHI | I181: =IF(TRIM(D181)="","",IFERROR(INDEX('Student Master'!D:D,MATCH(D181,'Student Master'!B:B,0)),"Not Found")) -> 9 - AS | J181: =IF(TRIM(D181)="","",IFERROR(INDEX('Student Master'!H:H,MATCH(D181,'Student Master'!B:B,0)),"Not Found")) -> D. THUKARAM | K181: =IF(TRIM(D181)="","",IFERROR(INDEX('Student Master'!N:N,MATCH(D181,'Student Master'!B:B,0)),"Not Found")) -> Bhainsa | L181: =IF(TRIM(D181)="","",IFERROR(INDEX('Student Master'!L:L,MATCH(D181,'Student Master'!B:B,0)),"Not Found")) -> 9640182483
A182: =A181+1 -> 181 | B182: 44739 | C182: 419 | D182: 4747 | E182: School Fees | F182: 5000 | H182: =IF(TRIM(D182)="","",IFERROR(INDEX('Student Master'!C:C,MATCH(D182,'Student Master'!B:B,0)),"Not Found")) -> D.KRISHNA | I182: =IF(TRIM(D182)="","",IFERROR(INDEX('Student Master'!D:D,MATCH(D182,'Student Master'!B:B,0)),"Not Found")) -> 9 - AS | J182: =IF(TRIM(D182)="","",IFERROR(INDEX('Student Master'!H:H,MATCH(D182,'Student Master'!B:B,0)),"Not Found")) -> D.MADHAVA RAO | K182: =IF(TRIM(D182)="","",IFERROR(INDEX('Student Master'!N:N,MATCH(D182,'Student Master'!B:B,0)),"Not Found")) -> Bhainsa | L182: =IF(TRIM(D182)="","",IFERROR(INDEX('Student Master'!L:L,MATCH(D182,'Student Master'!B:B,0)),"Not Found")) -> 9912179567
A183: =A182+1 -> 182 | B183: 44739 | C183: 420 | D183: 4678 | E183: School Fees | F183: 5000 | H183: =IF(TRIM(D183)="","",IFERROR(INDEX('Student Master'!C:C,MATCH(D183,'Student Master'!B:B,0)),"Not Found")) -> D.PRANEETH RAO | I183: =IF(TRIM(D183)="","",IFERROR(INDEX('Student Master'!D:D,MATCH(D183,'Student Master'!B:B,0)),"Not Found")) -> 7 - AS | J183: =IF(TRIM(D183)="","",IFERROR(INDEX('Student Master'!H:H,MATCH(D183,'Student Master'!B:B,0)),"Not Found")) -> D. NARSING RAO | K183: =IF(TRIM(D183)="","",IFERROR(INDEX('Student Master'!N:N,MATCH(D183,'Student Master'!B:B,0)),"Not Found")) -> Hyderabad | L183: =IF(TRIM(D183)="","",IFERROR(INDEX('Student Master'!L:L,MATCH(D183,'Student Master'!B:B,0)),"Not Found")) -> 9573261316
A184: =A183+1 -> 183 | B184: 44741 | C184: 421 | D184: 4663 | E184: School Fees | F184: 2000 | H184: =IF(TRIM(D184)="","",IFERROR(INDEX('Student Master'!C:C,MATCH(D184,'Student Master'!B:B,0)),"Not Found")) -> B. SRIDHAR | I184: =IF(TRIM(D184)="","",IFERROR(INDEX('Student Master'!D:D,MATCH(D184,'Student Master'!B:B,0)),"Not Found")) -> 9 - AM | J184: =IF(TRIM(D184)="","",IFERROR(INDEX('Student Master'!H:H,MATCH(D184,'Student Master'!B:B,0)),"Not Found")) -> NAGANATH | K184: KOPPARGA | L184: =IF(TRIM(D184)="","",IFERROR(INDEX('Student Master'!L:L,MATCH(D184,'Student Master'!B:B,0)),"Not Found")) -> 6305994981
A185: =A184+1 -> 184 | B185: 44741 | C185: 422 | D185: 4668 | E185: School Fees | F185: 2000 | H185: =IF(TRIM(D185)="","",IFERROR(INDEX('Student Master'!C:C,MATCH(D185,'Student Master'!B:B,0)),"Not Found")) -> Not Found | I185: =IF(TRIM(D185)="","",IFERROR(INDEX('Student Master'!D:D,MATCH(D185,'Student Master'!B:B,0)),"Not Found")) -> Not Found | J185: =IF(TRIM(D185)="","",IFERROR(INDEX('Student Master'!H:H,MATCH(D185,'Student Master'!B:B,0)),"Not Found")) -> Not Found | K185: =IF(TRIM(D185)="","",IFERROR(INDEX('Student Master'!N:N,MATCH(D185,'Student Master'!B:B,0)),"Not Found")) -> Not Found | L185: =IF(TRIM(D185)="","",IFERROR(INDEX('Student Master'!L:L,MATCH(D185,'Student Master'!B:B,0)),"Not Found")) -> Not Found | N185: NC | O185: K. HARSHAVARDHAN
A186: =A185+1 -> 185 | B186: 44741 | C186: 423 | D186: 4726 | E186: School Fees | F186: 5000 | H186: =IF(TRIM(D186)="","",IFERROR(INDEX('Student Master'!C:C,MATCH(D186,'Student Master'!B:B,0)),"Not Found")) -> B.GNAN SINGH | I186: =IF(TRIM(D186)="","",IFERROR(INDEX('Student Master'!D:D,MATCH(D186,'Student Master'!B:B,0)),"Not Found")) -> 3 - AS | J186: =IF(TRIM(D186)="","",IFERROR(INDEX('Student Master'!H:H,MATCH(D186,'Student Master'!B:B,0)),"Not Found")) -> B. JAGADISH | K186: =IF(TRIM(D186)="","",IFERROR(INDEX('Student Master'!N:N,MATCH(D186,'Student Master'!B:B,0)),"Not Found")) -> Jaganattapally | L186: =IF(TRIM(D186)="","",IFERROR(INDEX('Student Master'!L:L,MATCH(D186,'Student Master'!B:B,0)),"Not Found")) -> 9347891622
A187: =A186+1 -> 186 | B187: 44741 | C187: 424 | D187: 4728 | E187: School Fees | F187: 5000 | H187: =IF(TRIM(D187)="","",IFERROR(INDEX('Student Master'!C:C,MATCH(D187,'Student Master'!B:B,0)),"Not Found")) -> B.VISHNU | I187: =IF(TRIM(D187)="","",IFERROR(INDEX('Student Master'!D:D,MATCH(D187,'Student Master'!B:B,0)),"Not Found")) -> 3 - AS | J187: =IF(TRIM(D187)="","",IFERROR(INDEX('Student Master'!H:H,MATCH(D187,'Student Master'!B:B,0)),"Not Found")) -> JAIPAL | K187: =IF(TRIM(D187)="","",IFERROR(INDEX('Student Master'!N:N,MATCH(D187,'Student Master'!B:B,0)),"Not Found")) -> Jaganattapally | L187: =IF(TRIM(D187)="","",IFERROR(INDEX('Student Master'!L:L,MATCH(D187,'Student Master'!B:B,0)),"Not Found")) -> 9347891622
A188: =A187+1 -> 187 | B188: 44741 | C188: 425 | D188: 4727 | E188: School Fees | F188: 3000 | H188: =IF(TRIM(D188)="","",IFERROR(INDEX('Student Master'!C:C,MATCH(D188,'Student Master'!B:B,0)),"Not Found")) -> B. AKASH | I188: =IF(TRIM(D188)="","",IFERROR(INDEX('Student Master'!D:D,MATCH(D188,'Student Master'!B:B,0)),"Not Found")) -> U - AS | J188: =IF(TRIM(D188)="","",IFERROR(INDEX('Student Master'!H:H,MATCH(D188,'Student Master'!B:B,0)),"Not Found")) -> B. JAGADISH | K188: =IF(TRIM(D188)="","",IFERROR(INDEX('Student Master'!N:N,MATCH(D188,'Student Master'!B:B,0)),"Not Found")) -> Jaganattapally | L188: =IF(TRIM(D188)="","",IFERROR(INDEX('Student Master'!L:L,MATCH(D188,'Student Master'!B:B,0)),"Not Found")) -> 9347891622
A189: =A188+1 -> 188 | B189: 44742 | C189: 426 | D189: 4554 | E189: School Fees | F189: 5000 | H189: =IF(TRIM(D189)="","",IFERROR(INDEX('Student Master'!C:C,MATCH(D189,'Student Master'!B:B,0)),"Not Found")) -> K.Vineeth Reddy | I189: =IF(TRIM(D189)="","",IFERROR(INDEX('Student Master'!D:D,MATCH(D189,'Student Master'!B:B,0)),"Not Found")) -> 5 - AS | J189: =IF(TRIM(D189)="","",IFERROR(INDEX('Student Master'!H:H,MATCH(D189,'Student Master'!B:B,0)),"Not Found")) -> K. SAYA REDDY | K189: =IF(TRIM(D189)="","",IFERROR(INDEX('Student Master'!N:N,MATCH(D189,'Student Master'!B:B,0)),"Not Found")) -> Govoor | L189: =IF(TRIM(D189)="","",IFERROR(INDEX('Student Master'!L:L,MATCH(D189,'Student Master'!B:B,0)),"Not Found")) -> 9553823325
A190: =A189+1 -> 189 | B190: 44742 | C190: 427 | D190: 4676 | E190: School Fees | F190: 5000 | H190: =IF(TRIM(D190)="","",IFERROR(INDEX('Student Master'!C:C,MATCH(D190,'Student Master'!B:B,0)),"Not Found")) -> B.RAKESH | I190: =IF(TRIM(D190)="","",IFERROR(INDEX('Student Master'!D:D,MATCH(D190,'Student Master'!B:B,0)),"Not Found")) -> 2 - AS | J190: =IF(TRIM(D190)="","",IFERROR(INDEX('Student Master'!H:H,MATCH(D190,'Student Master'!B:B,0)),"Not Found")) -> KARAN SINGH | K190: =IF(TRIM(D190)="","",IFERROR(INDEX('Student Master'!N:N,MATCH(D190,'Student Master'!B:B,0)),"Not Found")) -> Neral Thanda | L190: =IF(TRIM(D190)="","",IFERROR(INDEX('Student Master'!L:L,MATCH(D190,'Student Master'!B:B,0)),"Not Found")) -> 9490534483
A191: =A190+1 -> 190 | B191: 44742 | C191: 428 | D191: 4677 | E191: School Fees | F191: 5000 | H191: =IF(TRIM(D191)="","",IFERROR(INDEX('Student Master'!C:C,MATCH(D191,'Student Master'!B:B,0)),"Not Found")) -> B. SOUNDHARYA | I191: =IF(TRIM(D191)="","",IFERROR(INDEX('Student Master'!D:D,MATCH(D191,'Student Master'!B:B,0)),"Not Found")) -> 1 - AS | J191: =IF(TRIM(D191)="","",IFERROR(INDEX('Student Master'!H:H,MATCH(D191,'Student Master'!B:B,0)),"Not Found")) -> B. KARAN SINGH | K191: =IF(TRIM(D191)="","",IFERROR(INDEX('Student Master'!N:N,MATCH(D191,'Student Master'!B:B,0)),"Not Found")) -> Neral Thanda | L191: =IF(TRIM(D191)="","",IFERROR(INDEX('Student Master'!L:L,MATCH(D191,'Student Master'!B:B,0)),"Not Found")) -> 9490534483
A192: =A191+1 -> 191 | B192: 44746 | C192: 429 | D192: 2988 | E192: School Fees | F192: 5000 | H192: =IF(TRIM(D192)="","",IFERROR(INDEX('Student Master'!C:C,MATCH(D192,'Student Master'!B:B,0)),"Not Found")) -> A. SRI VALLABHA | I192: =IF(TRIM(D192)="","",IFERROR(INDEX('Student Master'!D:D,MATCH(D192,'Student Master'!B:B,0)),"Not Found")) -> 7 - AS | J192: =IF(TRIM(D192)="","",IFERROR(INDEX('Student Master'!H:H,MATCH(D192,'Student Master'!B:B,0)),"Not Found")) -> SRINIVAS | K192: =IF(TRIM(D192)="","",IFERROR(INDEX('Student Master'!N:N,MATCH(D192,'Student Master'!B:B,0)),"Not Found")) -> SHARBATHI CANAL | L192: =IF(TRIM(D192)="","",IFERROR(INDEX('Student Master'!L:L,MATCH(D192,'Student Master'!B:B,0)),"Not Found")) -> 9182139849
A193: =A192+1 -> 192 | B193: 44746 | C193: 430 | D193: 2687 | E193: School Fees | F193: 5000 | H193: =IF(TRIM(D193)="","",IFERROR(INDEX('Student Master'!C:C,MATCH(D193,'Student Master'!B:B,0)),"Not Found")) -> A. ATHRIKA | I193: =IF(TRIM(D193)="","",IFERROR(INDEX('Student Master'!D:D,MATCH(D193,'Student Master'!B:B,0)),"Not Found")) -> 9 - AS | J193: =IF(TRIM(D193)="","",IFERROR(INDEX('Student Master'!H:H,MATCH(D193,'Student Master'!B:B,0)),"Not Found")) -> SRINIVAS | K193: =IF(TRIM(D193)="","",IFERROR(INDEX('Student Master'!N:N,MATCH(D193,'Student Master'!B:B,0)),"Not Found")) -> SHARBATHI CANAL | L193: =IF(TRIM(D193)="","",IFERROR(INDEX('Student Master'!L:L,MATCH(D193,'Student Master'!B:B,0)),"Not Found")) -> 9182139849
A194: =A193+1 -> 193 | B194: 44748 | C194: 431 | D194: 4725 | E194: School Fees | F194: 5000 | H194: =IF(TRIM(D194)="","",IFERROR(INDEX('Student Master'!C:C,MATCH(D194,'Student Master'!B:B,0)),"Not Found")) -> P. NAVYA | I194: =IF(TRIM(D194)="","",IFERROR(INDEX('Student Master'!D:D,MATCH(D194,'Student Master'!B:B,0)),"Not Found")) -> 10 - BS | J194: =IF(TRIM(D194)="","",IFERROR(INDEX('Student Master'!H:H,MATCH(D194,'Student Master'!B:B,0)),"Not Found")) -> BHUMANNA | K194: =IF(TRIM(D194)="","",IFERROR(INDEX('Student Master'!N:N,MATCH(D194,'Student Master'!B:B,0)),"Not Found")) -> Bardipur | L194: =IF(TRIM(D194)="","",IFERROR(INDEX('Student Master'!L:L,MATCH(D194,'Student Master'!B:B,0)),"Not Found")) -> 9494962820
A195: =A194+1 -> 194 | B195: 44748 | C195: 432 | D195: 4655 | E195: School Fees | F195: 5000 | H195: =IF(TRIM(D195)="","",IFERROR(INDEX('Student Master'!C:C,MATCH(D195,'Student Master'!B:B,0)),"Not Found")) -> P.SRIDHAR | I195: =IF(TRIM(D195)="","",IFERROR(INDEX('Student Master'!D:D,MATCH(D195,'Student Master'!B:B,0)),"Not Found")) -> 4 - BM | J195: =IF(TRIM(D195)="","",IFERROR(INDEX('Student Master'!H:H,MATCH(D195,'Student Master'!B:B,0)),"Not Found")) -> P. BHUMMAYA | K195: =IF(TRIM(D195)="","",IFERROR(INDEX('Student Master'!N:N,MATCH(D195,'Student Master'!B:B,0)),"Not Found")) -> Bardipur | L195: =IF(TRIM(D195)="","",IFERROR(INDEX('Student Master'!L:L,MATCH(D195,'Student Master'!B:B,0)),"Not Found")) -> 9494962820
A196: =A195+1 -> 195 | B196: 44749 | C196: 433 | D196: 4670 | E196: School Fees | F196: 5000 | H196: =IF(TRIM(D196)="","",IFERROR(INDEX('Student Master'!C:C,MATCH(D196,'Student Master'!B:B,0)),"Not Found")) -> CH.PREKSHA | I196: =IF(TRIM(D196)="","",IFERROR(INDEX('Student Master'!D:D,MATCH(D196,'Student Master'!B:B,0)),"Not Found")) -> 6 - AS | J196: =IF(TRIM(D196)="","",IFERROR(INDEX('Student Master'!H:H,MATCH(D196,'Student Master'!B:B,0)),"Not Found")) -> CH. BALAJI | K196: =IF(TRIM(D196)="","",IFERROR(INDEX('Student Master'!N:N,MATCH(D196,'Student Master'!B:B,0)),"Not Found")) -> Takli | L196: =IF(TRIM(D196)="","",IFERROR(INDEX('Student Master'!L:L,MATCH(D196,'Student Master'!B:B,0)),"Not Found")) -> 6305878016
A197: =A196+1 -> 196 | B197: 37444 | C197: 434 | D197: 4671 | E197: School Fees | F197: 5000 | H197: =IF(TRIM(D197)="","",IFERROR(INDEX('Student Master'!C:C,MATCH(D197,'Student Master'!B:B,0)),"Not Found")) -> CH. MAHESH | I197: =IF(TRIM(D197)="","",IFERROR(INDEX('Student Master'!D:D,MATCH(D197,'Student Master'!B:B,0)),"Not Found")) -> 7 - AS | J197: =IF(TRIM(D197)="","",IFERROR(INDEX('Student Master'!H:H,MATCH(D197,'Student Master'!B:B,0)),"Not Found")) -> CH. BALAJI | K197: =IF(TRIM(D197)="","",IFERROR(INDEX('Student Master'!N:N,MATCH(D197,'Student Master'!B:B,0)),"Not Found")) -> Takli | L197: =IF(TRIM(D197)="","",IFERROR(INDEX('Student Master'!L:L,MATCH(D197,'Student Master'!B:B,0)),"Not Found")) -> 6305878016
... A199: =A198+1 -> 198 | B199: 44750 | C199: 436 | D199: 4651 | E199: School Fees | F199: 2000 | H199: =IF(TRIM(D199)="","",IFERROR(INDEX('Student Master'!C:C,MATCH(D199,'Student Master'!B:B,0)),"Not Found")) -> Ch.GAJANAN | I199: =IF(TRIM(D199)="","",IFERROR(INDEX('Student Master'!D:D,MATCH(D199,'Student Master'!B:B,0)),"Not Found")) -> 4 - AS | J199: =IF(TRIM(D199)="","",IFERROR(INDEX('Student Master'!H:H,MATCH(D199,'Student Master'!B:B,0)),"Not Found")) -> SHIVAJI | K199: =IF(TRIM(D199)="","",IFERROR(INDEX('Student Master'!N:N,MATCH(D199,'Student Master'!B:B,0)),"Not Found")) -> Takli | L199: =IF(TRIM(D199)="","",IFERROR(INDEX('Student Master'!L:L,MATCH(D199,'Student Master'!B:B,0)),"Not Found")) -> 9701536409
A200: =A199+1 -> 199 | B200: 44761 | C200: 437 | D200: 4684 | E200: School Fees | F200: 2000 | H200: =IF(TRIM(D200)="","",IFERROR(INDEX('Student Master'!C:C,MATCH(D200,'Student Master'!B:B,0)),"Not Found")) -> Not Found | I200: =IF(TRIM(D200)="","",IFERROR(INDEX('Student Master'!D:D,MATCH(D200,'Student Master'!B:B,0)),"Not Found")) -> Not Found | J200: =IF(TRIM(D200)="","",IFERROR(INDEX('Student Master'!H:H,MATCH(D200,'Student Master'!B:B,0)),"Not Found")) -> Not Found | K200: =IF(TRIM(D200)="","",IFERROR(INDEX('Student Master'!N:N,MATCH(D200,'Student Master'!B:B,0)),"Not Found")) -> Not Found | L200: 9441575206 | N200: NC | O200: G. SAI TEJA
A201: =A200+1 -> 200 | B201: 44761 | C201: 438 | D201: 2315 | E201: School Fees | F201: 20000 | H201: =IF(TRIM(D201)="","",IFERROR(INDEX('Student Master'!C:C,MATCH(D201,'Student Master'!B:B,0)),"Not Found")) -> M. MADHAV RAO | I201: =IF(TRIM(D201)="","",IFERROR(INDEX('Student Master'!D:D,MATCH(D201,'Student Master'!B:B,0)),"Not Found")) -> 10 - AS | J201: =IF(TRIM(D201)="","",IFERROR(INDEX('Student Master'!H:H,MATCH(D201,'Student Master'!B:B,0)),"Not Found")) -> GANGADHAR | K201: =IF(TRIM(D201)="","",IFERROR(INDEX('Student Master'!N:N,MATCH(D201,'Student Master'!B:B,0)),"Not Found")) -> KALDURKI | L201: =IF(TRIM(D201)="","",IFERROR(INDEX('Student Master'!L:L,MATCH(D201,'Student Master'!B:B,0)),"Not Found")) -> 9346945718
A202: =A201+1 -> 201 | B202: 44760 | C202: 439 | D202: 3843 | E202: School Fees | F202: 2000 | H202: =IF(TRIM(D202)="","",IFERROR(INDEX('Student Master'!C:C,MATCH(D202,'Student Master'!B:B,0)),"Not Found")) -> B. THARUN | I202: =IF(TRIM(D202)="","",IFERROR(INDEX('Student Master'!D:D,MATCH(D202,'Student Master'!B:B,0)),"Not Found")) -> 6 - AS | J202: =IF(TRIM(D202)="","",IFERROR(INDEX('Student Master'!H:H,MATCH(D202,'Student Master'!B:B,0)),"Not Found")) -> POSHETTY | K202: =IF(TRIM(D202)="","",IFERROR(INDEX('Student Master'!N:N,MATCH(D202,'Student Master'!B:B,0)),"Not Found")) -> CHINNA MAVANDI | L202: =IF(TRIM(D202)="","",IFERROR(INDEX('Student Master'!L:L,MATCH(D202,'Student Master'!B:B,0)),"Not Found")) -> 9703049661
A203: =A202+1 -> 202 | B203: 44762 | C203: 440 | D203: 4745 | E203: School Fees | F203: 10000 | H203: =IF(TRIM(D203)="","",IFERROR(INDEX('Student Master'!C:C,MATCH(D203,'Student Master'!B:B,0)),"Not Found")) -> K.MANVITHA REDDY | I203: =IF(TRIM(D203)="","",IFERROR(INDEX('Student Master'!D:D,MATCH(D203,'Student Master'!B:B,0)),"Not Found")) -> 9 - AS | J203: =IF(TRIM(D203)="","",IFERROR(INDEX('Student Master'!H:H,MATCH(D203,'Student Master'!B:B,0)),"Not Found")) -> K.VIAJY KUMAR REDDY | K203: =IF(TRIM(D203)="","",IFERROR(INDEX('Student Master'!N:N,MATCH(D203,'Student Master'!B:B,0)),"Not Found")) -> Thanakurd | L203: =IF(TRIM(D203)="","",IFERROR(INDEX('Student Master'!L:L,MATCH(D203,'Student Master'!B:B,0)),"Not Found")) -> 9494714577
A204: =A203+1 -> 203 | B204: 44766 | C204: 441 | D204: 4686 | E204: School Fees | F204: 5000 | G204: W. RITHESH | H204: =IF(TRIM(D204)="","",IFERROR(INDEX('Student Master'!C:C,MATCH(D204,'Student Master'!B:B,0)),"Not Found")) -> W. RITHESH | I204: =IF(TRIM(D204)="","",IFERROR(INDEX('Student Master'!D:D,MATCH(D204,'Student Master'!B:B,0)),"Not Found")) -> 8 - AS | J204: =IF(TRIM(D204)="","",IFERROR(INDEX('Student Master'!H:H,MATCH(D204,'Student Master'!B:B,0)),"Not Found")) -> MARUTHI | K204: =IF(TRIM(D204)="","",IFERROR(INDEX('Student Master'!N:N,MATCH(D204,'Student Master'!B:B,0)),"Not Found")) -> BASWAPUR | L204: =IF(TRIM(D204)="","",IFERROR(INDEX('Student Master'!L:L,MATCH(D204,'Student Master'!B:B,0)),"Not Found")) -> 9908459225
A205: =A204+1 -> 204 | B205: 44766 | C205: 442 | D205: 4572 | E205: School Fees | F205: 2000 | H205: =IF(TRIM(D205)="","",IFERROR(INDEX('Student Master'!C:C,MATCH(D205,'Student Master'!B:B,0)),"Not Found")) -> B.Madhu Varshini | I205: =IF(TRIM(D205)="","",IFERROR(INDEX('Student Master'!D:D,MATCH(D205,'Student Master'!B:B,0)),"Not Found")) -> L - AM | J205: =IF(TRIM(D205)="","",IFERROR(INDEX('Student Master'!H:H,MATCH(D205,'Student Master'!B:B,0)),"Not Found")) -> Laxman | K205: =IF(TRIM(D205)="","",IFERROR(INDEX('Student Master'!N:N,MATCH(D205,'Student Master'!B:B,0)),"Not Found")) -> Old Salampad | L205: =IF(TRIM(D205)="","",IFERROR(INDEX('Student Master'!L:L,MATCH(D205,'Student Master'!B:B,0)),"Not Found")) -> 9553219616
A206: =A205+1 -> 205 | B206: 44767 | C206: 443 | D206: 2821 | E206: School Fees | F206: 5000 | H206: =IF(TRIM(D206)="","",IFERROR(INDEX('Student Master'!C:C,MATCH(D206,'Student Master'!B:B,0)),"Not Found")) -> G. SAI KEERTHANA | I206: =IF(TRIM(D206)="","",IFERROR(INDEX('Student Master'!D:D,MATCH(D206,'Student Master'!B:B,0)),"Not Found")) -> 8 - AS | J206: =IF(TRIM(D206)="","",IFERROR(INDEX('Student Master'!H:H,MATCH(D206,'Student Master'!B:B,0)),"Not Found")) -> YELLA REDDY | K206: =IF(TRIM(D206)="","",IFERROR(INDEX('Student Master'!N:N,MATCH(D206,'Student Master'!B:B,0)),"Not Found")) -> RAMPUR(K) | L206: =IF(TRIM(D206)="","",IFERROR(INDEX('Student Master'!L:L,MATCH(D206,'Student Master'!B:B,0)),"Not Found")) -> 6302955739
A207: =A206+1 -> 206 | B207: 44767 | C207: 444 | D207: 4685 | E207: School Fees | F207: 3000 | H207: =IF(TRIM(D207)="","",IFERROR(INDEX('Student Master'!C:C,MATCH(D207,'Student Master'!B:B,0)),"Not Found")) -> B. RAJESH | I207: =IF(TRIM(D207)="","",IFERROR(INDEX('Student Master'!D:D,MATCH(D207,'Student Master'!B:B,0)),"Not Found")) -> 3 - AS | J207: =IF(TRIM(D207)="","",IFERROR(INDEX('Student Master'!H:H,MATCH(D207,'Student Master'!B:B,0)),"Not Found")) -> B.SARDAR | K207: =IF(TRIM(D207)="","",IFERROR(INDEX('Student Master'!N:N,MATCH(D207,'Student Master'!B:B,0)),"Not Found")) -> Petsangam | L207: =IF(TRIM(D207)="","",IFERROR(INDEX('Student Master'!L:L,MATCH(D207,'Student Master'!B:B,0)),"Not Found")) -> 6300055274
A208: =A207+1 -> 207 | B208: 44767 | C208: 445 | D208: 4534 | E208: School Fees | F208: 3000 | H208: =IF(TRIM(D208)="","",IFERROR(INDEX('Student Master'!C:C,MATCH(D208,'Student Master'!B:B,0)),"Not Found")) -> B. RAKESH | I208: =IF(TRIM(D208)="","",IFERROR(INDEX('Student Master'!D:D,MATCH(D208,'Student Master'!B:B,0)),"Not Found")) -> 2 - AS | J208: =IF(TRIM(D208)="","",IFERROR(INDEX('Student Master'!H:H,MATCH(D208,'Student Master'!B:B,0)),"Not Found")) -> B.SARDHAR | K208: =IF(TRIM(D208)="","",IFERROR(INDEX('Student Master'!N:N,MATCH(D208,'Student Master'!B:B,0)),"Not Found")) -> Petsangam | L208: =IF(TRIM(D208)="","",IFERROR(INDEX('Student Master'!L:L,MATCH(D208,'Student Master'!B:B,0)),"Not Found")) -> 6300055274
A209: =A208+1 -> 208 | B209: 44767 | C209: 446 | D209: 4749 | E209: School Fees | F209: 5000 | H209: =IF(TRIM(D209)="","",IFERROR(INDEX('Student Master'!C:C,MATCH(D209,'Student Master'!B:B,0)),"Not Found")) -> B. NARESH | I209: =IF(TRIM(D209)="","",IFERROR(INDEX('Student Master'!D:D,MATCH(D209,'Student Master'!B:B,0)),"Not Found")) -> 2 - AS | J209: =IF(TRIM(D209)="","",IFERROR(INDEX('Student Master'!H:H,MATCH(D209,'Student Master'!B:B,0)),"Not Found")) -> B.SAKHI | K209: =IF(TRIM(D209)="","",IFERROR(INDEX('Student Master'!N:N,MATCH(D209,'Student Master'!B:B,0)),"Not Found")) -> Petsangam | L209: =IF(TRIM(D209)="","",IFERROR(INDEX('Student Master'!L:L,MATCH(D209,'Student Master'!B:B,0)),"Not Found")) -> 8500828126
A210: =A209+1 -> 209 | B210: 44769 | C210: 447 | D210: 3584 | E210: School Fees | F210: 2000 | H210: =IF(TRIM(D210)="","",IFERROR(INDEX('Student Master'!C:C,MATCH(D210,'Student Master'!B:B,0)),"Not Found")) -> SD. HUSSAIN MOHIUDDIN | I210: =IF(TRIM(D210)="","",IFERROR(INDEX('Student Master'!D:D,MATCH(D210,'Student Master'!B:B,0)),"Not Found")) -> 5 - AS | J210: =IF(TRIM(D210)="","",IFERROR(INDEX('Student Master'!H:H,MATCH(D210,'Student Master'!B:B,0)),"Not Found")) -> SD. AMEER | K210: =IF(TRIM(D210)="","",IFERROR(INDEX('Student Master'!N:N,MATCH(D210,'Student Master'!B:B,0)),"Not Found")) -> NEAR H.P.O. | L210: =IF(TRIM(D210)="","",IFERROR(INDEX('Student Master'!L:L,MATCH(D210,'Student Master'!B:B,0)),"Not Found")) -> 9948980535
A211: =A210+1 -> 210 | B211: 44769 | C211: 448 | D211: 2716 | E211: School Fees | F211: 10500 | H211: =IF(TRIM(D211)="","",IFERROR(INDEX('Student Master'!C:C,MATCH(D211,'Student Master'!B:B,0)),"Not Found")) -> Not Found | I211: =IF(TRIM(D211)="","",IFERROR(INDEX('Student Master'!D:D,MATCH(D211,'Student Master'!B:B,0)),"Not Found")) -> Not Found | J211: =IF(TRIM(D211)="","",IFERROR(INDEX('Student Master'!H:H,MATCH(D211,'Student Master'!B:B,0)),"Not Found")) -> Not Found | K211: =IF(TRIM(D211)="","",IFERROR(INDEX('Student Master'!N:N,MATCH(D211,'Student Master'!B:B,0)),"Not Found")) -> Not Found | L211: =IF(TRIM(D211)="","",IFERROR(INDEX('Student Master'!L:L,MATCH(D211,'Student Master'!B:B,0)),"Not Found")) -> Not Found | N211: TC | O211: D. JEEVIKA
A212: =A211+1 -> 211 | B212: 44770 | C212: 449 | D212: 3490 | E212: School Fees | F212: 1000 | H212: =IF(TRIM(D212)="","",IFERROR(INDEX('Student Master'!C:C,MATCH(D212,'Student Master'!B:B,0)),"Not Found")) -> Not Found | I212: =IF(TRIM(D212)="","",IFERROR(INDEX('Student Master'!D:D,MATCH(D212,'Student Master'!B:B,0)),"Not Found")) -> Not Found | J212: =IF(TRIM(D212)="","",IFERROR(INDEX('Student Master'!H:H,MATCH(D212,'Student Master'!B:B,0)),"Not Found")) -> Not Found | K212: =IF(TRIM(D212)="","",IFERROR(INDEX('Student Master'!N:N,MATCH(D212,'Student Master'!B:B,0)),"Not Found")) -> Not Found | L212: =IF(TRIM(D212)="","",IFERROR(INDEX('Student Master'!L:L,MATCH(D212,'Student Master'!B:B,0)),"Not Found")) -> Not Found | N212: TC | O212: K. GANESH
A213: =A212+1 -> 212 | B213: 44771 | C213: 450 | D213: 4586 | E213: School Fees | F213: 2000 | H213: =IF(TRIM(D213)="","",IFERROR(INDEX('Student Master'!C:C,MATCH(D213,'Student Master'!B:B,0)),"Not Found")) -> B.YASHWANTH | I213: =IF(TRIM(D213)="","",IFERROR(INDEX('Student Master'!D:D,MATCH(D213,'Student Master'!B:B,0)),"Not Found")) -> L - AS | J213: =IF(TRIM(D213)="","",IFERROR(INDEX('Student Master'!H:H,MATCH(D213,'Student Master'!B:B,0)),"Not Found")) -> LINGAIAH | K213: =IF(TRIM(D213)="","",IFERROR(INDEX('Student Master'!N:N,MATCH(D213,'Student Master'!B:B,0)),"Not Found")) -> Pegadapally | L213: =IF(TRIM(D213)="","",IFERROR(INDEX('Student Master'!L:L,MATCH(D213,'Student Master'!B:B,0)),"Not Found")) -> 9493928480
A214: =A213+1 -> 213 | B214: 44771 | C214: 451 | D214: 4742 | E214: School Fees | F214: 1000 | H214: =IF(TRIM(D214)="","",IFERROR(INDEX('Student Master'!C:C,MATCH(D214,'Student Master'!B:B,0)),"Not Found")) -> L. HARSHAVARDHAN | I214: =IF(TRIM(D214)="","",IFERROR(INDEX('Student Master'!D:D,MATCH(D214,'Student Master'!B:B,0)),"Not Found")) -> U - AS | J214: =IF(TRIM(D214)="","",IFERROR(INDEX('Student Master'!H:H,MATCH(D214,'Student Master'!B:B,0)),"Not Found")) -> L. NAVEEN | K214: =IF(TRIM(D214)="","",IFERROR(INDEX('Student Master'!N:N,MATCH(D214,'Student Master'!B:B,0)),"Not Found")) -> Saraswathi Nagar | L214: =IF(TRIM(D214)="","",IFERROR(INDEX('Student Master'!L:L,MATCH(D214,'Student Master'!B:B,0)),"Not Found")) -> 9493434334
A215: =A214+1 -> 214 | B215: 44771 | C215: 452 | D215: 4741 | E215: School Fees | F215: 1000 | H215: =IF(TRIM(D215)="","",IFERROR(INDEX('Student Master'!C:C,MATCH(D215,'Student Master'!B:B,0)),"Not Found")) -> L.Rishivardhan | I215: =IF(TRIM(D215)="","",IFERROR(INDEX('Student Master'!D:D,MATCH(D215,'Student Master'!B:B,0)),"Not Found")) -> N - AS | J215: =IF(TRIM(D215)="","",IFERROR(INDEX('Student Master'!H:H,MATCH(D215,'Student Master'!B:B,0)),"Not Found")) -> Naveen | K215: =IF(TRIM(D215)="","",IFERROR(INDEX('Student Master'!N:N,MATCH(D215,'Student Master'!B:B,0)),"Not Found")) -> Saraswathi Nagar | L215: =IF(TRIM(D215)="","",IFERROR(INDEX('Student Master'!L:L,MATCH(D215,'Student Master'!B:B,0)),"Not Found")) -> 9493534334
A216: =A215+1 -> 215 | B216: 44772 | C216: 453 | D216: 4201 | E216: School Fees | F216: 5000 | H216: =IF(TRIM(D216)="","",IFERROR(INDEX('Student Master'!C:C,MATCH(D216,'Student Master'!B:B,0)),"Not Found")) -> S. KRISHNA CHAITHANYA | I216: =IF(TRIM(D216)="","",IFERROR(INDEX('Student Master'!D:D,MATCH(D216,'Student Master'!B:B,0)),"Not Found")) -> 9 - AS | J216: =IF(TRIM(D216)="","",IFERROR(INDEX('Student Master'!H:H,MATCH(D216,'Student Master'!B:B,0)),"Not Found")) -> S. SHIVA PRASAD | K216: =IF(TRIM(D216)="","",IFERROR(INDEX('Student Master'!N:N,MATCH(D216,'Student Master'!B:B,0)),"Not Found")) -> TATTIKOTE | L216: =IF(TRIM(D216)="","",IFERROR(INDEX('Student Master'!L:L,MATCH(D216,'Student Master'!B:B,0)),"Not Found")) -> 9490708912
A217: =A216+1 -> 216 | B217: 44772 | C217: 454 | D217: 4259 | E217: School Fees | F217: 5000 | H217: =IF(TRIM(D217)="","",IFERROR(INDEX('Student Master'!C:C,MATCH(D217,'Student Master'!B:B,0)),"Not Found")) -> S. MANIRAMTEJA | I217: =IF(TRIM(D217)="","",IFERROR(INDEX('Student Master'!D:D,MATCH(D217,'Student Master'!B:B,0)),"Not Found")) -> 8 - AS | J217: =IF(TRIM(D217)="","",IFERROR(INDEX('Student Master'!H:H,MATCH(D217,'Student Master'!B:B,0)),"Not Found")) -> S. SHIVA PRASAD | K217: =IF(TRIM(D217)="","",IFERROR(INDEX('Student Master'!N:N,MATCH(D217,'Student Master'!B:B,0)),"Not Found")) -> TATTIKOTE | L217: =IF(TRIM(D217)="","",IFERROR(INDEX('Student Master'!L:L,MATCH(D217,'Student Master'!B:B,0)),"Not Found")) -> 9490708912
A218: =A217+1 -> 217 | B218: 44772 | C218: 455 | D218: 4732 | E218: School Fees | F218: 1000 | H218: =IF(TRIM(D218)="","",IFERROR(INDEX('Student Master'!C:C,MATCH(D218,'Student Master'!B:B,0)),"Not Found")) -> Not Found | I218: =IF(TRIM(D218)="","",IFERROR(INDEX('Student Master'!D:D,MATCH(D218,'Student Master'!B:B,0)),"Not Found")) -> Not Found | J218: =IF(TRIM(D218)="","",IFERROR(INDEX('Student Master'!H:H,MATCH(D218,'Student Master'!B:B,0)),"Not Found")) -> Not Found | K218: =IF(TRIM(D218)="","",IFERROR(INDEX('Student Master'!N:N,MATCH(D218,'Student Master'!B:B,0)),"Not Found")) -> Not Found | L218: =IF(TRIM(D218)="","",IFERROR(INDEX('Student Master'!L:L,MATCH(D218,'Student Master'!B:B,0)),"Not Found")) -> Not Found | N218: NC | O218: K. SAI TEJA
A219: =A218+1 -> 218 | B219: 44772 | C219: 456 | D219: 4751 | E219: School Fees | F219: 1750 | H219: =IF(TRIM(D219)="","",IFERROR(INDEX('Student Master'!C:C,MATCH(D219,'Student Master'!B:B,0)),"Not Found")) -> T. SHIVA PRASAD | I219: =IF(TRIM(D219)="","",IFERROR(INDEX('Student Master'!D:D,MATCH(D219,'Student Master'!B:B,0)),"Not Found")) -> 3 - AS | J219: =IF(TRIM(D219)="","",IFERROR(INDEX('Student Master'!H:H,MATCH(D219,'Student Master'!B:B,0)),"Not Found")) -> T. SARICHAND | K219: =IF(TRIM(D219)="","",IFERROR(INDEX('Student Master'!N:N,MATCH(D219,'Student Master'!B:B,0)),"Not Found")) -> Petsangam | L219: =IF(TRIM(D219)="","",IFERROR(INDEX('Student Master'!L:L,MATCH(D219,'Student Master'!B:B,0)),"Not Found")) -> 0
A220: =A219+1 -> 219 | B220: 44772 | C220: 457 | D220: 3266 | E220: School Fees | F220: 1500 | H220: =IF(TRIM(D220)="","",IFERROR(INDEX('Student Master'!C:C,MATCH(D220,'Student Master'!B:B,0)),"Not Found")) -> M. KARTHIK | I220: =IF(TRIM(D220)="","",IFERROR(INDEX('Student Master'!D:D,MATCH(D220,'Student Master'!B:B,0)),"Not Found")) -> 6 - AS | J220: =IF(TRIM(D220)="","",IFERROR(INDEX('Student Master'!H:H,MATCH(D220,'Student Master'!B:B,0)),"Not Found")) -> MARUTHI | K220: =IF(TRIM(D220)="","",IFERROR(INDEX('Student Master'!N:N,MATCH(D220,'Student Master'!B:B,0)),"Not Found")) -> NAGANPALLY | L220: =IF(TRIM(D220)="","",IFERROR(INDEX('Student Master'!L:L,MATCH(D220,'Student Master'!B:B,0)),"Not Found")) -> 7893534209
A221: =A220+1 -> 220 | B221: 44773 | C221: 458 | D221: 4676 | E221: School Fees | F221: 5000 | H221: =IF(TRIM(D221)="","",IFERROR(INDEX('Student Master'!C:C,MATCH(D221,'Student Master'!B:B,0)),"Not Found")) -> B.RAKESH | I221: =IF(TRIM(D221)="","",IFERROR(INDEX('Student Master'!D:D,MATCH(D221,'Student Master'!B:B,0)),"Not Found")) -> 2 - AS | J221: =IF(TRIM(D221)="","",IFERROR(INDEX('Student Master'!H:H,MATCH(D221,'Student Master'!B:B,0)),"Not Found")) -> KARAN SINGH | K221: =IF(TRIM(D221)="","",IFERROR(INDEX('Student Master'!N:N,MATCH(D221,'Student Master'!B:B,0)),"Not Found")) -> Neral Thanda | L221: =IF(TRIM(D221)="","",IFERROR(INDEX('Student Master'!L:L,MATCH(D221,'Student Master'!B:B,0)),"Not Found")) -> 9490534483
...

Sheet Agreements-New
A1: S.No | B1: Date | C1: Agreement Number | D1: Admission Number | E1: Agreement Fees - New | F1: x | G1: Total Fees | H1: School Fees | I1: Bus Fees | J1: Hostel Fees | K1: % | L1: x | M1: Student Name | N1: Class | O1: Father Name | P1: Address | Q1: Cell | AP1: x | AQ1: x | AR1: x
A2: 1 | B2: 44831 | C2: 1 | D2: 4148 | E2: 8000 | G2: =IF(TRIM(D2)="","",IFERROR(INDEX('Student Master'!AB:AB,MATCH(D2,'Student Master'!B:B,0)),"0")) -> 9500 | H2: =IF(TRIM(D2)="","",IFERROR(INDEX('Student Master'!AG:AG,MATCH(D2,'Student Master'!B:B,0)),"0")) -> 9500 | I2: =IF(TRIM(D2)="","",IFERROR(INDEX('Student Master'!AH:AH,MATCH(D2,'Student Master'!B:B,0)),"0")) -> 0 | J2: =IF(TRIM(D2)="","",IFERROR(INDEX('Student Master'!AI:AI,MATCH(D2,'Student Master'!B:B,0)),"0")) -> 0 | K2: =IF(TRIM(D2)="","",E2/G2) -> 0.84210526 | M2: =IF(TRIM(D2)="","",IFERROR(INDEX('Student Master'!C:C,MATCH(D2,'Student Master'!B:B,0)),"0")) -> MEER NOMAN ALI | N2: =IF(TRIM(D2)="","",IFERROR(INDEX('Student Master'!D:D,MATCH(D2,'Student Master'!B:B,0)),"0")) -> 1 - AM | O2: =IF(TRIM(D2)="","",IFERROR(INDEX('Student Master'!H:H,MATCH(D2,'Student Master'!B:B,0)),"0")) -> MEER KHADAR ALI | P2: =IF(TRIM(D2)="","",IFERROR(INDEX('Student Master'!N:N,MATCH(D2,'Student Master'!B:B,0)),"0")) -> SHARBATHI CANAL | Q2: =IF(TRIM(D2)="","",IFERROR(INDEX('Student Master'!L:L,MATCH(D2,'Student Master'!B:B,0)),"0")) -> 9010209080
A3: 2 | B3: 44831 | C3: 2 | D3: 4293 | E3: 13500 | G3: =IF(TRIM(D3)="","",IFERROR(INDEX('Student Master'!AB:AB,MATCH(D3,'Student Master'!B:B,0)),"0")) -> 16500 | H3: =IF(TRIM(D3)="","",IFERROR(INDEX('Student Master'!AG:AG,MATCH(D3,'Student Master'!B:B,0)),"0")) -> 10000 | I3: =IF(TRIM(D3)="","",IFERROR(INDEX('Student Master'!AH:AH,MATCH(D3,'Student Master'!B:B,0)),"0")) -> 6500 | J3: =IF(TRIM(D3)="","",IFERROR(INDEX('Student Master'!AI:AI,MATCH(D3,'Student Master'!B:B,0)),"0")) -> 0 | K3: =IF(TRIM(D3)="","",E3/G3) -> 0.81818182 | M3: =IF(TRIM(D3)="","",IFERROR(INDEX('Student Master'!C:C,MATCH(D3,'Student Master'!B:B,0)),"0")) -> V. SHANMUKA SREE | N3: =IF(TRIM(D3)="","",IFERROR(INDEX('Student Master'!D:D,MATCH(D3,'Student Master'!B:B,0)),"0")) -> 2 - AM | O3: =IF(TRIM(D3)="","",IFERROR(INDEX('Student Master'!H:H,MATCH(D3,'Student Master'!B:B,0)),"0")) -> V. RAVINDHAR REDDY | P3: =IF(TRIM(D3)="","",IFERROR(INDEX('Student Master'!N:N,MATCH(D3,'Student Master'!B:B,0)),"0")) -> SALOORA CAMP | Q3: =IF(TRIM(D3)="","",IFERROR(INDEX('Student Master'!L:L,MATCH(D3,'Student Master'!B:B,0)),"0")) -> 6300626880
A4: 3 | B4: 44833 | C4: 3 | D4: 4238 | E4: 7500 | G4: =IF(TRIM(D4)="","",IFERROR(INDEX('Student Master'!AB:AB,MATCH(D4,'Student Master'!B:B,0)),"0")) -> 10000 | H4: =IF(TRIM(D4)="","",IFERROR(INDEX('Student Master'!AG:AG,MATCH(D4,'Student Master'!B:B,0)),"0")) -> 10000 | I4: =IF(TRIM(D4)="","",IFERROR(INDEX('Student Master'!AH:AH,MATCH(D4,'Student Master'!B:B,0)),"0")) -> 0 | J4: =IF(TRIM(D4)="","",IFERROR(INDEX('Student Master'!AI:AI,MATCH(D4,'Student Master'!B:B,0)),"0")) -> 0 | K4: =IF(TRIM(D4)="","",E4/G4) -> 0.75 | M4: =IF(TRIM(D4)="","",IFERROR(INDEX('Student Master'!C:C,MATCH(D4,'Student Master'!B:B,0)),"0")) -> AAIRA FATHIMA | N4: =IF(TRIM(D4)="","",IFERROR(INDEX('Student Master'!D:D,MATCH(D4,'Student Master'!B:B,0)),"0")) -> 2 - AM | O4: =IF(TRIM(D4)="","",IFERROR(INDEX('Student Master'!H:H,MATCH(D4,'Student Master'!B:B,0)),"0")) -> MD. IYNUL HAQ | P4: =IF(TRIM(D4)="","",IFERROR(INDEX('Student Master'!N:N,MATCH(D4,'Student Master'!B:B,0)),"0")) -> SHARBATHI CANAL | Q4: =IF(TRIM(D4)="","",IFERROR(INDEX('Student Master'!L:L,MATCH(D4,'Student Master'!B:B,0)),"0")) -> 9440964877
A5: 4 | B5: 44833 | C5: 3 | D5: 3823 | E5: 9000 | G5: =IF(TRIM(D5)="","",IFERROR(INDEX('Student Master'!AB:AB,MATCH(D5,'Student Master'!B:B,0)),"0")) -> 11500 | H5: =IF(TRIM(D5)="","",IFERROR(INDEX('Student Master'!AG:AG,MATCH(D5,'Student Master'!B:B,0)),"0")) -> 11500 | I5: =IF(TRIM(D5)="","",IFERROR(INDEX('Student Master'!AH:AH,MATCH(D5,'Student Master'!B:B,0)),"0")) -> 0 | J5: =IF(TRIM(D5)="","",IFERROR(INDEX('Student Master'!AI:AI,MATCH(D5,'Student Master'!B:B,0)),"0")) -> 0 | K5: =IF(TRIM(D5)="","",E5/G5) -> 0.7826087 | M5: =IF(TRIM(D5)="","",IFERROR(INDEX('Student Master'!C:C,MATCH(D5,'Student Master'!B:B,0)),"0")) -> MD. SUFYAAN HASNAIN | N5: =IF(TRIM(D5)="","",IFERROR(INDEX('Student Master'!D:D,MATCH(D5,'Student Master'!B:B,0)),"0")) -> 4 - BM | O5: =IF(TRIM(D5)="","",IFERROR(INDEX('Student Master'!H:H,MATCH(D5,'Student Master'!B:B,0)),"0")) -> IYNUL HAQ | P5: =IF(TRIM(D5)="","",IFERROR(INDEX('Student Master'!N:N,MATCH(D5,'Student Master'!B:B,0)),"0")) -> SHARBATHI CANAL | Q5: =IF(TRIM(D5)="","",IFERROR(INDEX('Student Master'!L:L,MATCH(D5,'Student Master'!B:B,0)),"0")) -> 9440964877
A6: 5 | B6: 44833 | C6: 3 | D6: 3565 | E6: 11000 | G6: =IF(TRIM(D6)="","",IFERROR(INDEX('Student Master'!AB:AB,MATCH(D6,'Student Master'!B:B,0)),"0")) -> 12500 | H6: =IF(TRIM(D6)="","",IFERROR(INDEX('Student Master'!AG:AG,MATCH(D6,'Student Master'!B:B,0)),"0")) -> 12500 | I6: =IF(TRIM(D6)="","",IFERROR(INDEX('Student Master'!AH:AH,MATCH(D6,'Student Master'!B:B,0)),"0")) -> 0 | J6: =IF(TRIM(D6)="","",IFERROR(INDEX('Student Master'!AI:AI,MATCH(D6,'Student Master'!B:B,0)),"0")) -> 0 | K6: =IF(TRIM(D6)="","",E6/G6) -> 0.88 | M6: =IF(TRIM(D6)="","",IFERROR(INDEX('Student Master'!C:C,MATCH(D6,'Student Master'!B:B,0)),"0")) -> MEHVISH FATHIMA | N6: =IF(TRIM(D6)="","",IFERROR(INDEX('Student Master'!D:D,MATCH(D6,'Student Master'!B:B,0)),"0")) -> 5 - BM | O6: =IF(TRIM(D6)="","",IFERROR(INDEX('Student Master'!H:H,MATCH(D6,'Student Master'!B:B,0)),"0")) -> AINUL HAQUE | P6: =IF(TRIM(D6)="","",IFERROR(INDEX('Student Master'!N:N,MATCH(D6,'Student Master'!B:B,0)),"0")) -> SHARBATHI CANAL | Q6: =IF(TRIM(D6)="","",IFERROR(INDEX('Student Master'!L:L,MATCH(D6,'Student Master'!B:B,0)),"0")) -> 9440964877
A7: 6 | B7: 44833 | C7: 3 | D7: 4393 | E7: 6500 | G7: =IF(TRIM(D7)="","",IFERROR(INDEX('Student Master'!AB:AB,MATCH(D7,'Student Master'!B:B,0)),"0")) -> 9000 | H7: =IF(TRIM(D7)="","",IFERROR(INDEX('Student Master'!AG:AG,MATCH(D7,'Student Master'!B:B,0)),"0")) -> 9000 | I7: =IF(TRIM(D7)="","",IFERROR(INDEX('Student Master'!AH:AH,MATCH(D7,'Student Master'!B:B,0)),"0")) -> 0 | J7: =IF(TRIM(D7)="","",IFERROR(INDEX('Student Master'!AI:AI,MATCH(D7,'Student Master'!B:B,0)),"0")) -> 0 | K7: =IF(TRIM(D7)="","",E7/G7) -> 0.72222222 | M7: =IF(TRIM(D7)="","",IFERROR(INDEX('Student Master'!C:C,MATCH(D7,'Student Master'!B:B,0)),"0")) -> TUBA FATHIMA | N7: =IF(TRIM(D7)="","",IFERROR(INDEX('Student Master'!D:D,MATCH(D7,'Student Master'!B:B,0)),"0")) -> U - BM | O7: =IF(TRIM(D7)="","",IFERROR(INDEX('Student Master'!H:H,MATCH(D7,'Student Master'!B:B,0)),"0")) -> IYNUL HAQUE | P7: =IF(TRIM(D7)="","",IFERROR(INDEX('Student Master'!N:N,MATCH(D7,'Student Master'!B:B,0)),"0")) -> SHARBATHI CANAL | Q7: =IF(TRIM(D7)="","",IFERROR(INDEX('Student Master'!L:L,MATCH(D7,'Student Master'!B:B,0)),"0")) -> 9440964877
A8: 7 | B8: 44833 | C8: 4 | D8: 4144 | E8: 9000 | G8: =IF(TRIM(D8)="","",IFERROR(INDEX('Student Master'!AB:AB,MATCH(D8,'Student Master'!B:B,0)),"0")) -> 10000 | H8: =IF(TRIM(D8)="","",IFERROR(INDEX('Student Master'!AG:AG,MATCH(D8,'Student Master'!B:B,0)),"0")) -> 10000 | I8: =IF(TRIM(D8)="","",IFERROR(INDEX('Student Master'!AH:AH,MATCH(D8,'Student Master'!B:B,0)),"0")) -> 0 | J8: =IF(TRIM(D8)="","",IFERROR(INDEX('Student Master'!AI:AI,MATCH(D8,'Student Master'!B:B,0)),"0")) -> 0 | K8: =IF(TRIM(D8)="","",E8/G8) -> 0.9 | M8: =IF(TRIM(D8)="","",IFERROR(INDEX('Student Master'!C:C,MATCH(D8,'Student Master'!B:B,0)),"0")) -> T. ADITHYA | N8: =IF(TRIM(D8)="","",IFERROR(INDEX('Student Master'!D:D,MATCH(D8,'Student Master'!B:B,0)),"0")) -> 2 - AM | O8: =IF(TRIM(D8)="","",IFERROR(INDEX('Student Master'!H:H,MATCH(D8,'Student Master'!B:B,0)),"0")) -> ASHOK | P8: =IF(TRIM(D8)="","",IFERROR(INDEX('Student Master'!N:N,MATCH(D8,'Student Master'!B:B,0)),"0")) -> NEAR H.P.O. | Q8: =IF(TRIM(D8)="","",IFERROR(INDEX('Student Master'!L:L,MATCH(D8,'Student Master'!B:B,0)),"0")) -> 9963370315
A9: 8 | B9: 44833 | C9: 4 | D9: 4143 | E9: 8000 | G9: =IF(TRIM(D9)="","",IFERROR(INDEX('Student Master'!AB:AB,MATCH(D9,'Student Master'!B:B,0)),"0")) -> 9000 | H9: =IF(TRIM(D9)="","",IFERROR(INDEX('Student Master'!AG:AG,MATCH(D9,'Student Master'!B:B,0)),"0")) -> 9000 | I9: =IF(TRIM(D9)="","",IFERROR(INDEX('Student Master'!AH:AH,MATCH(D9,'Student Master'!B:B,0)),"0")) -> 0 | J9: =IF(TRIM(D9)="","",IFERROR(INDEX('Student Master'!AI:AI,MATCH(D9,'Student Master'!B:B,0)),"0")) -> 0 | K9: =IF(TRIM(D9)="","",E9/G9) -> 0.88888889 | M9: =IF(TRIM(D9)="","",IFERROR(INDEX('Student Master'!C:C,MATCH(D9,'Student Master'!B:B,0)),"0")) -> T. SAHASRA | N9: =IF(TRIM(D9)="","",IFERROR(INDEX('Student Master'!D:D,MATCH(D9,'Student Master'!B:B,0)),"0")) -> U - BM | O9: =IF(TRIM(D9)="","",IFERROR(INDEX('Student Master'!H:H,MATCH(D9,'Student Master'!B:B,0)),"0")) -> ASHOK | P9: =IF(TRIM(D9)="","",IFERROR(INDEX('Student Master'!N:N,MATCH(D9,'Student Master'!B:B,0)),"0")) -> NEAR H.P.O. | Q9: =IF(TRIM(D9)="","",IFERROR(INDEX('Student Master'!L:L,MATCH(D9,'Student Master'!B:B,0)),"0")) -> 9963370315
A10: 9 | B10: 44833 | C10: 5 | D10: 3408 | E10: 19000 | G10: =IF(TRIM(D10)="","",IFERROR(INDEX('Student Master'!AB:AB,MATCH(D10,'Student Master'!B:B,0)),"0")) -> 24000 | H10: =IF(TRIM(D10)="","",IFERROR(INDEX('Student Master'!AG:AG,MATCH(D10,'Student Master'!B:B,0)),"0")) -> 16000 | I10: =IF(TRIM(D10)="","",IFERROR(INDEX('Student Master'!AH:AH,MATCH(D10,'Student Master'!B:B,0)),"0")) -> 8000 | J10: =IF(TRIM(D10)="","",IFERROR(INDEX('Student Master'!AI:AI,MATCH(D10,'Student Master'!B:B,0)),"0")) -> 0 | K10: =IF(TRIM(D10)="","",E10/G10) -> 0.79166667 | M10: =IF(TRIM(D10)="","",IFERROR(INDEX('Student Master'!C:C,MATCH(D10,'Student Master'!B:B,0)),"0")) -> S. SHARATH KUMAR | N10: =IF(TRIM(D10)="","",IFERROR(INDEX('Student Master'!D:D,MATCH(D10,'Student Master'!B:B,0)),"0")) -> 7 - AM | O10: =IF(TRIM(D10)="","",IFERROR(INDEX('Student Master'!H:H,MATCH(D10,'Student Master'!B:B,0)),"0")) -> SURESH | P10: =IF(TRIM(D10)="","",IFERROR(INDEX('Student Master'!N:N,MATCH(D10,'Student Master'!B:B,0)),"0")) -> HANGARGA | Q10: =IF(TRIM(D10)="","",IFERROR(INDEX('Student Master'!L:L,MATCH(D10,'Student Master'!B:B,0)),"0")) -> 9618252975
A11: 10 | B11: 44833 | C11: 5 | D11: 4211 | E11: 13000 | G11: =IF(TRIM(D11)="","",IFERROR(INDEX('Student Master'!AB:AB,MATCH(D11,'Student Master'!B:B,0)),"0")) -> 18000 | H11: =IF(TRIM(D11)="","",IFERROR(INDEX('Student Master'!AG:AG,MATCH(D11,'Student Master'!B:B,0)),"0")) -> 10000 | I11: =IF(TRIM(D11)="","",IFERROR(INDEX('Student Master'!AH:AH,MATCH(D11,'Student Master'!B:B,0)),"0")) -> 8000 | J11: =IF(TRIM(D11)="","",IFERROR(INDEX('Student Master'!AI:AI,MATCH(D11,'Student Master'!B:B,0)),"0")) -> 0 | K11: =IF(TRIM(D11)="","",E11/G11) -> 0.72222222 | M11: =IF(TRIM(D11)="","",IFERROR(INDEX('Student Master'!C:C,MATCH(D11,'Student Master'!B:B,0)),"0")) -> S. SIDDHANTH KUMAR | N11: =IF(TRIM(D11)="","",IFERROR(INDEX('Student Master'!D:D,MATCH(D11,'Student Master'!B:B,0)),"0")) -> 2 - AM | O11: =IF(TRIM(D11)="","",IFERROR(INDEX('Student Master'!H:H,MATCH(D11,'Student Master'!B:B,0)),"0")) -> S. SURESH | P11: =IF(TRIM(D11)="","",IFERROR(INDEX('Student Master'!N:N,MATCH(D11,'Student Master'!B:B,0)),"0")) -> HANGARGA | Q11: =IF(TRIM(D11)="","",IFERROR(INDEX('Student Master'!L:L,MATCH(D11,'Student Master'!B:B,0)),"0")) -> 9618252975
A12: 11 | B12: 44834 | C12: 6 | D12: 3936 | E12: 25000 | G12: =IF(TRIM(D12)="","",IFERROR(INDEX('Student Master'!AB:AB,MATCH(D12,'Student Master'!B:B,0)),"0")) -> 27000 | H12: =IF(TRIM(D12)="","",IFERROR(INDEX('Student Master'!AG:AG,MATCH(D12,'Student Master'!B:B,0)),"0")) -> 20000 | I12: =IF(TRIM(D12)="","",IFERROR(INDEX('Student Master'!AH:AH,MATCH(D12,'Student Master'!B:B,0)),"0")) -> 7000 | J12: =IF(TRIM(D12)="","",IFERROR(INDEX('Student Master'!AI:AI,MATCH(D12,'Student Master'!B:B,0)),"0")) -> 0 | K12: =IF(TRIM(D12)="","",E12/G12) -> 0.92592593 | M12: =IF(TRIM(D12)="","",IFERROR(INDEX('Student Master'!C:C,MATCH(D12,'Student Master'!B:B,0)),"0")) -> A. AKSHITHA | N12: =IF(TRIM(D12)="","",IFERROR(INDEX('Student Master'!D:D,MATCH(D12,'Student Master'!B:B,0)),"0")) -> 9 - AM | O12: =IF(TRIM(D12)="","",IFERROR(INDEX('Student Master'!H:H,MATCH(D12,'Student Master'!B:B,0)),"0")) -> A. CHANDRAKANTH | P12: =IF(TRIM(D12)="","",IFERROR(INDEX('Student Master'!N:N,MATCH(D12,'Student Master'!B:B,0)),"0")) -> KUMMANPALLY | Q12: =IF(TRIM(D12)="","",IFERROR(INDEX('Student Master'!L:L,MATCH(D12,'Student Master'!B:B,0)),"0")) -> 9666495881
A13: 12 | B13: 44834 | C13: 7 | D13: 3948 | E13: 17500 | G13: =IF(TRIM(D13)="","",IFERROR(INDEX('Student Master'!AB:AB,MATCH(D13,'Student Master'!B:B,0)),"0")) -> 22000 | H13: =IF(TRIM(D13)="","",IFERROR(INDEX('Student Master'!AG:AG,MATCH(D13,'Student Master'!B:B,0)),"0")) -> 15000 | I13: =IF(TRIM(D13)="","",IFERROR(INDEX('Student Master'!AH:AH,MATCH(D13,'Student Master'!B:B,0)),"0")) -> 7000 | J13: =IF(TRIM(D13)="","",IFERROR(INDEX('Student Master'!AI:AI,MATCH(D13,'Student Master'!B:B,0)),"0")) -> 0 | K13: =IF(TRIM(D13)="","",E13/G13) -> 0.79545455 | M13: =IF(TRIM(D13)="","",IFERROR(INDEX('Student Master'!C:C,MATCH(D13,'Student Master'!B:B,0)),"0")) -> M. HITESH REDDY ® | N13: =IF(TRIM(D13)="","",IFERROR(INDEX('Student Master'!D:D,MATCH(D13,'Student Master'!B:B,0)),"0")) -> 6 - AM | O13: =IF(TRIM(D13)="","",IFERROR(INDEX('Student Master'!H:H,MATCH(D13,'Student Master'!B:B,0)),"0")) -> MADHAVA REDDY | P13: =IF(TRIM(D13)="","",IFERROR(INDEX('Student Master'!N:N,MATCH(D13,'Student Master'!B:B,0)),"0")) -> BHULAXMI CAMP | Q13: =IF(TRIM(D13)="","",IFERROR(INDEX('Student Master'!L:L,MATCH(D13,'Student Master'!B:B,0)),"0")) -> 9849137026
... A23: 22 | B23: 44779 | C23: 12 | D23: 4488 | E23: 15000 | G23: =IF(TRIM(D23)="","",IFERROR(INDEX('Student Master'!AB:AB,MATCH(D23,'Student Master'!B:B,0)),"0")) -> 16000 | H23: =IF(TRIM(D23)="","",IFERROR(INDEX('Student Master'!AG:AG,MATCH(D23,'Student Master'!B:B,0)),"0")) -> 10500 | I23: =IF(TRIM(D23)="","",IFERROR(INDEX('Student Master'!AH:AH,MATCH(D23,'Student Master'!B:B,0)),"0")) -> 5500 | J23: =IF(TRIM(D23)="","",IFERROR(INDEX('Student Master'!AI:AI,MATCH(D23,'Student Master'!B:B,0)),"0")) -> 0 | K23: =IF(TRIM(D23)="","",E23/G23) -> 0.9375 | M23: =IF(TRIM(D23)="","",IFERROR(INDEX('Student Master'!C:C,MATCH(D23,'Student Master'!B:B,0)),"0")) -> K. NAMRATHA | N23: =IF(TRIM(D23)="","",IFERROR(INDEX('Student Master'!D:D,MATCH(D23,'Student Master'!B:B,0)),"0")) -> 3 - BM | O23: =IF(TRIM(D23)="","",IFERROR(INDEX('Student Master'!H:H,MATCH(D23,'Student Master'!B:B,0)),"0")) -> K. BALAJI | P23: =IF(TRIM(D23)="","",IFERROR(INDEX('Student Master'!N:N,MATCH(D23,'Student Master'!B:B,0)),"0")) -> NAGANPALLY | Q23: =IF(TRIM(D23)="","",IFERROR(INDEX('Student Master'!L:L,MATCH(D23,'Student Master'!B:B,0)),"0")) -> 7893311870
A24: 23 | C24: 13 | D24: 4676 | E24: 20000 | G24: =IF(TRIM(D24)="","",IFERROR(INDEX('Student Master'!AB:AB,MATCH(D24,'Student Master'!B:B,0)),"0")) -> 26000 | H24: =IF(TRIM(D24)="","",IFERROR(INDEX('Student Master'!AG:AG,MATCH(D24,'Student Master'!B:B,0)),"0")) -> 10000 | I24: =IF(TRIM(D24)="","",IFERROR(INDEX('Student Master'!AH:AH,MATCH(D24,'Student Master'!B:B,0)),"0")) -> 0 | J24: =IF(TRIM(D24)="","",IFERROR(INDEX('Student Master'!AI:AI,MATCH(D24,'Student Master'!B:B,0)),"0")) -> 16000 | K24: =IF(TRIM(D24)="","",E24/G24) -> 0.76923077 | M24: =IF(TRIM(D24)="","",IFERROR(INDEX('Student Master'!C:C,MATCH(D24,'Student Master'!B:B,0)),"0")) -> B.RAKESH | N24: =IF(TRIM(D24)="","",IFERROR(INDEX('Student Master'!D:D,MATCH(D24,'Student Master'!B:B,0)),"0")) -> 2 - AS | O24: =IF(TRIM(D24)="","",IFERROR(INDEX('Student Master'!H:H,MATCH(D24,'Student Master'!B:B,0)),"0")) -> KARAN SINGH | P24: =IF(TRIM(D24)="","",IFERROR(INDEX('Student Master'!N:N,MATCH(D24,'Student Master'!B:B,0)),"0")) -> Neral Thanda | Q24: =IF(TRIM(D24)="","",IFERROR(INDEX('Student Master'!L:L,MATCH(D24,'Student Master'!B:B,0)),"0")) -> 9490534483
A25: 24 | C25: 13 | D25: 4677 | E25: 20000 | G25: =IF(TRIM(D25)="","",IFERROR(INDEX('Student Master'!AB:AB,MATCH(D25,'Student Master'!B:B,0)),"0")) -> 25000 | H25: =IF(TRIM(D25)="","",IFERROR(INDEX('Student Master'!AG:AG,MATCH(D25,'Student Master'!B:B,0)),"0")) -> 9500 | I25: =IF(TRIM(D25)="","",IFERROR(INDEX('Student Master'!AH:AH,MATCH(D25,'Student Master'!B:B,0)),"0")) -> 0 | J25: =IF(TRIM(D25)="","",IFERROR(INDEX('Student Master'!AI:AI,MATCH(D25,'Student Master'!B:B,0)),"0")) -> 15500 | K25: =IF(TRIM(D25)="","",E25/G25) -> 0.8 | M25: =IF(TRIM(D25)="","",IFERROR(INDEX('Student Master'!C:C,MATCH(D25,'Student Master'!B:B,0)),"0")) -> B. SOUNDHARYA | N25: =IF(TRIM(D25)="","",IFERROR(INDEX('Student Master'!D:D,MATCH(D25,'Student Master'!B:B,0)),"0")) -> 1 - AS | O25: =IF(TRIM(D25)="","",IFERROR(INDEX('Student Master'!H:H,MATCH(D25,'Student Master'!B:B,0)),"0")) -> B. KARAN SINGH | P25: =IF(TRIM(D25)="","",IFERROR(INDEX('Student Master'!N:N,MATCH(D25,'Student Master'!B:B,0)),"0")) -> Neral Thanda | Q25: =IF(TRIM(D25)="","",IFERROR(INDEX('Student Master'!L:L,MATCH(D25,'Student Master'!B:B,0)),"0")) -> 9490534483
A26: 25 | C26: 14 | D26: 4501 | E26: 12000 | G26: =IF(TRIM(D26)="","",IFERROR(INDEX('Student Master'!AB:AB,MATCH(D26,'Student Master'!B:B,0)),"0")) -> 16000 | H26: =IF(TRIM(D26)="","",IFERROR(INDEX('Student Master'!AG:AG,MATCH(D26,'Student Master'!B:B,0)),"0")) -> 9000 | I26: =IF(TRIM(D26)="","",IFERROR(INDEX('Student Master'!AH:AH,MATCH(D26,'Student Master'!B:B,0)),"0")) -> 7000 | J26: =IF(TRIM(D26)="","",IFERROR(INDEX('Student Master'!AI:AI,MATCH(D26,'Student Master'!B:B,0)),"0")) -> 0 | K26: =IF(TRIM(D26)="","",E26/G26) -> 0.75 | M26: =IF(TRIM(D26)="","",IFERROR(INDEX('Student Master'!C:C,MATCH(D26,'Student Master'!B:B,0)),"0")) -> CH. AARTHI NAGA SAI | N26: =IF(TRIM(D26)="","",IFERROR(INDEX('Student Master'!D:D,MATCH(D26,'Student Master'!B:B,0)),"0")) -> U - BM | O26: =IF(TRIM(D26)="","",IFERROR(INDEX('Student Master'!H:H,MATCH(D26,'Student Master'!B:B,0)),"0")) -> ANAND | P26: =IF(TRIM(D26)="","",IFERROR(INDEX('Student Master'!N:N,MATCH(D26,'Student Master'!B:B,0)),"0")) -> PANTAKHURD OLD | Q26: =IF(TRIM(D26)="","",IFERROR(INDEX('Student Master'!L:L,MATCH(D26,'Student Master'!B:B,0)),"0")) -> 9866673755
A27: 26 | C27: 14 | D27: 4195 | E27: 13000 | G27: =IF(TRIM(D27)="","",IFERROR(INDEX('Student Master'!AB:AB,MATCH(D27,'Student Master'!B:B,0)),"0")) -> 17000 | H27: =IF(TRIM(D27)="","",IFERROR(INDEX('Student Master'!AG:AG,MATCH(D27,'Student Master'!B:B,0)),"0")) -> 10000 | I27: =IF(TRIM(D27)="","",IFERROR(INDEX('Student Master'!AH:AH,MATCH(D27,'Student Master'!B:B,0)),"0")) -> 7000 | J27: =IF(TRIM(D27)="","",IFERROR(INDEX('Student Master'!AI:AI,MATCH(D27,'Student Master'!B:B,0)),"0")) -> 0 | K27: =IF(TRIM(D27)="","",E27/G27) -> 0.76470588 | M27: =IF(TRIM(D27)="","",IFERROR(INDEX('Student Master'!C:C,MATCH(D27,'Student Master'!B:B,0)),"0")) -> CH. TEJASVI | N27: =IF(TRIM(D27)="","",IFERROR(INDEX('Student Master'!D:D,MATCH(D27,'Student Master'!B:B,0)),"0")) -> 2 - BM | O27: =IF(TRIM(D27)="","",IFERROR(INDEX('Student Master'!H:H,MATCH(D27,'Student Master'!B:B,0)),"0")) -> CH. ANAND | P27: =IF(TRIM(D27)="","",IFERROR(INDEX('Student Master'!N:N,MATCH(D27,'Student Master'!B:B,0)),"0")) -> PANTA CAMP | Q27: =IF(TRIM(D27)="","",IFERROR(INDEX('Student Master'!L:L,MATCH(D27,'Student Master'!B:B,0)),"0")) -> 9866673755
A28: 27 | C28: 15 | D28: 3632 | E28: 40000 | G28: =IF(TRIM(D28)="","",IFERROR(INDEX('Student Master'!AB:AB,MATCH(D28,'Student Master'!B:B,0)),"0")) -> 47000 | H28: =IF(TRIM(D28)="","",IFERROR(INDEX('Student Master'!AG:AG,MATCH(D28,'Student Master'!B:B,0)),"0")) -> 25000 | I28: =IF(TRIM(D28)="","",IFERROR(INDEX('Student Master'!AH:AH,MATCH(D28,'Student Master'!B:B,0)),"0")) -> 0 | J28: =IF(TRIM(D28)="","",IFERROR(INDEX('Student Master'!AI:AI,MATCH(D28,'Student Master'!B:B,0)),"0")) -> 22000 | K28: =IF(TRIM(D28)="","",E28/G28) -> 0.85106383 | M28: =IF(TRIM(D28)="","",IFERROR(INDEX('Student Master'!C:C,MATCH(D28,'Student Master'!B:B,0)),"0")) -> M. SAI KUMAR | N28: =IF(TRIM(D28)="","",IFERROR(INDEX('Student Master'!D:D,MATCH(D28,'Student Master'!B:B,0)),"0")) -> 10 - AS | O28: =IF(TRIM(D28)="","",IFERROR(INDEX('Student Master'!H:H,MATCH(D28,'Student Master'!B:B,0)),"0")) -> NARSIMHA | P28: =IF(TRIM(D28)="","",IFERROR(INDEX('Student Master'!N:N,MATCH(D28,'Student Master'!B:B,0)),"0")) -> L.B.S. NAGAR | Q28: =IF(TRIM(D28)="","",IFERROR(INDEX('Student Master'!L:L,MATCH(D28,'Student Master'!B:B,0)),"0")) -> 7729825412
A29: 28 | C29: 16 | D29: 3082 | E29: 41500 | G29: =IF(TRIM(D29)="","",IFERROR(INDEX('Student Master'!AB:AB,MATCH(D29,'Student Master'!B:B,0)),"0")) -> 47000 | H29: =IF(TRIM(D29)="","",IFERROR(INDEX('Student Master'!AG:AG,MATCH(D29,'Student Master'!B:B,0)),"0")) -> 25000 | I29: =IF(TRIM(D29)="","",IFERROR(INDEX('Student Master'!AH:AH,MATCH(D29,'Student Master'!B:B,0)),"0")) -> 0 | J29: =IF(TRIM(D29)="","",IFERROR(INDEX('Student Master'!AI:AI,MATCH(D29,'Student Master'!B:B,0)),"0")) -> 22000 | K29: =IF(TRIM(D29)="","",E29/G29) -> 0.88297872 | M29: =IF(TRIM(D29)="","",IFERROR(INDEX('Student Master'!C:C,MATCH(D29,'Student Master'!B:B,0)),"0")) -> S. ARUN | N29: =IF(TRIM(D29)="","",IFERROR(INDEX('Student Master'!D:D,MATCH(D29,'Student Master'!B:B,0)),"0")) -> 10 - AS | O29: =IF(TRIM(D29)="","",IFERROR(INDEX('Student Master'!H:H,MATCH(D29,'Student Master'!B:B,0)),"0")) -> GANGARAM | P29: =IF(TRIM(D29)="","",IFERROR(INDEX('Student Master'!N:N,MATCH(D29,'Student Master'!B:B,0)),"0")) -> BARDIPUR | Q29: =IF(TRIM(D29)="","",IFERROR(INDEX('Student Master'!L:L,MATCH(D29,'Student Master'!B:B,0)),"0")) -> 9133894901
A30: 29 | C30: 17 | D30: 3788 | E30: 13000 | G30: =IF(TRIM(D30)="","",IFERROR(INDEX('Student Master'!AB:AB,MATCH(D30,'Student Master'!B:B,0)),"0")) -> 18500 | H30: =IF(TRIM(D30)="","",IFERROR(INDEX('Student Master'!AG:AG,MATCH(D30,'Student Master'!B:B,0)),"0")) -> 11500 | I30: =IF(TRIM(D30)="","",IFERROR(INDEX('Student Master'!AH:AH,MATCH(D30,'Student Master'!B:B,0)),"0")) -> 7000 | J30: =IF(TRIM(D30)="","",IFERROR(INDEX('Student Master'!AI:AI,MATCH(D30,'Student Master'!B:B,0)),"0")) -> 0 | K30: =IF(TRIM(D30)="","",E30/G30) -> 0.7027027 | M30: =IF(TRIM(D30)="","",IFERROR(INDEX('Student Master'!C:C,MATCH(D30,'Student Master'!B:B,0)),"0")) -> D. PRIYANS | N30: =IF(TRIM(D30)="","",IFERROR(INDEX('Student Master'!D:D,MATCH(D30,'Student Master'!B:B,0)),"0")) -> 4 - BM | O30: =IF(TRIM(D30)="","",IFERROR(INDEX('Student Master'!H:H,MATCH(D30,'Student Master'!B:B,0)),"0")) -> D. SRINIVAS | P30: =IF(TRIM(D30)="","",IFERROR(INDEX('Student Master'!N:N,MATCH(D30,'Student Master'!B:B,0)),"0")) -> YEDAPALLY | Q30: =IF(TRIM(D30)="","",IFERROR(INDEX('Student Master'!L:L,MATCH(D30,'Student Master'!B:B,0)),"0")) -> 9951339582
A31: 30 | C31: 18 | D31: 4739 | E31: 13000 | G31: =IF(TRIM(D31)="","",IFERROR(INDEX('Student Master'!AB:AB,MATCH(D31,'Student Master'!B:B,0)),"0")) -> 17000 | H31: =IF(TRIM(D31)="","",IFERROR(INDEX('Student Master'!AG:AG,MATCH(D31,'Student Master'!B:B,0)),"0")) -> 10000 | I31: =IF(TRIM(D31)="","",IFERROR(INDEX('Student Master'!AH:AH,MATCH(D31,'Student Master'!B:B,0)),"0")) -> 7000 | J31: =IF(TRIM(D31)="","",IFERROR(INDEX('Student Master'!AI:AI,MATCH(D31,'Student Master'!B:B,0)),"0")) -> 0 | K31: =IF(TRIM(D31)="","",E31/G31) -> 0.76470588 | M31: =IF(TRIM(D31)="","",IFERROR(INDEX('Student Master'!C:C,MATCH(D31,'Student Master'!B:B,0)),"0")) -> A.NAMRATA | N31: =IF(TRIM(D31)="","",IFERROR(INDEX('Student Master'!D:D,MATCH(D31,'Student Master'!B:B,0)),"0")) -> 2 - AM | O31: =IF(TRIM(D31)="","",IFERROR(INDEX('Student Master'!H:H,MATCH(D31,'Student Master'!B:B,0)),"0")) -> VENKATESH | P31: =IF(TRIM(D31)="","",IFERROR(INDEX('Student Master'!N:N,MATCH(D31,'Student Master'!B:B,0)),"0")) -> PANTAKHURD OLD | Q31: =IF(TRIM(D31)="","",IFERROR(INDEX('Student Master'!L:L,MATCH(D31,'Student Master'!B:B,0)),"0")) -> 9640896717
A32: 31 | C32: 18 | D32: 4674 | E32: 15000 | G32: =IF(TRIM(D32)="","",IFERROR(INDEX('Student Master'!AB:AB,MATCH(D32,'Student Master'!B:B,0)),"0")) -> 19500 | H32: =IF(TRIM(D32)="","",IFERROR(INDEX('Student Master'!AG:AG,MATCH(D32,'Student Master'!B:B,0)),"0")) -> 12500 | I32: =IF(TRIM(D32)="","",IFERROR(INDEX('Student Master'!AH:AH,MATCH(D32,'Student Master'!B:B,0)),"0")) -> 7000 | J32: =IF(TRIM(D32)="","",IFERROR(INDEX('Student Master'!AI:AI,MATCH(D32,'Student Master'!B:B,0)),"0")) -> 0 | K32: =IF(TRIM(D32)="","",E32/G32) -> 0.76923077 | M32: =IF(TRIM(D32)="","",IFERROR(INDEX('Student Master'!C:C,MATCH(D32,'Student Master'!B:B,0)),"0")) -> A.NAGA CHAITANYA | N32: =IF(TRIM(D32)="","",IFERROR(INDEX('Student Master'!D:D,MATCH(D32,'Student Master'!B:B,0)),"0")) -> 5 - BM | O32: =IF(TRIM(D32)="","",IFERROR(INDEX('Student Master'!H:H,MATCH(D32,'Student Master'!B:B,0)),"0")) -> VENKATESH | P32: =IF(TRIM(D32)="","",IFERROR(INDEX('Student Master'!N:N,MATCH(D32,'Student Master'!B:B,0)),"0")) -> PANTAKHURD OLD | Q32: =IF(TRIM(D32)="","",IFERROR(INDEX('Student Master'!L:L,MATCH(D32,'Student Master'!B:B,0)),"0")) -> 9640896717
A33: 32 | C33: 19 | D33: 4148 | E33: 8000 | G33: =IF(TRIM(D33)="","",IFERROR(INDEX('Student Master'!AB:AB,MATCH(D33,'Student Master'!B:B,0)),"0")) -> 9500 | H33: =IF(TRIM(D33)="","",IFERROR(INDEX('Student Master'!AG:AG,MATCH(D33,'Student Master'!B:B,0)),"0")) -> 9500 | I33: =IF(TRIM(D33)="","",IFERROR(INDEX('Student Master'!AH:AH,MATCH(D33,'Student Master'!B:B,0)),"0")) -> 0 | J33: =IF(TRIM(D33)="","",IFERROR(INDEX('Student Master'!AI:AI,MATCH(D33,'Student Master'!B:B,0)),"0")) -> 0 | K33: =IF(TRIM(D33)="","",E33/G33) -> 0.84210526 | M33: =IF(TRIM(D33)="","",IFERROR(INDEX('Student Master'!C:C,MATCH(D33,'Student Master'!B:B,0)),"0")) -> MEER NOMAN ALI | N33: =IF(TRIM(D33)="","",IFERROR(INDEX('Student Master'!D:D,MATCH(D33,'Student Master'!B:B,0)),"0")) -> 1 - AM | O33: =IF(TRIM(D33)="","",IFERROR(INDEX('Student Master'!H:H,MATCH(D33,'Student Master'!B:B,0)),"0")) -> MEER KHADAR ALI | P33: =IF(TRIM(D33)="","",IFERROR(INDEX('Student Master'!N:N,MATCH(D33,'Student Master'!B:B,0)),"0")) -> SHARBATHI CANAL | Q33: =IF(TRIM(D33)="","",IFERROR(INDEX('Student Master'!L:L,MATCH(D33,'Student Master'!B:B,0)),"0")) -> 9010209080 | R33: repeated
A34: 33 | C34: 20 | D34: 2875 | E34: 19000 | G34: =IF(TRIM(D34)="","",IFERROR(INDEX('Student Master'!AB:AB,MATCH(D34,'Student Master'!B:B,0)),"0")) -> 23500 | H34: =IF(TRIM(D34)="","",IFERROR(INDEX('Student Master'!AG:AG,MATCH(D34,'Student Master'!B:B,0)),"0")) -> 18000 | I34: =IF(TRIM(D34)="","",IFERROR(INDEX('Student Master'!AH:AH,MATCH(D34,'Student Master'!B:B,0)),"0")) -> 5500 | J34: =IF(TRIM(D34)="","",IFERROR(INDEX('Student Master'!AI:AI,MATCH(D34,'Student Master'!B:B,0)),"0")) -> 0 | K34: =IF(TRIM(D34)="","",E34/G34) -> 0.80851064 | M34: =IF(TRIM(D34)="","",IFERROR(INDEX('Student Master'!C:C,MATCH(D34,'Student Master'!B:B,0)),"0")) -> D. KEERTHANA | N34: =IF(TRIM(D34)="","",IFERROR(INDEX('Student Master'!D:D,MATCH(D34,'Student Master'!B:B,0)),"0")) -> 8 - AM | O34: =IF(TRIM(D34)="","",IFERROR(INDEX('Student Master'!H:H,MATCH(D34,'Student Master'!B:B,0)),"0")) -> D. BHEEM SHANKAR | P34: =IF(TRIM(D34)="","",IFERROR(INDEX('Student Master'!N:N,MATCH(D34,'Student Master'!B:B,0)),"0")) -> NAGANPALLY | Q34: =IF(TRIM(D34)="","",IFERROR(INDEX('Student Master'!L:L,MATCH(D34,'Student Master'!B:B,0)),"0")) -> 7702752667
A35: 34 | C35: 20 | D35: 4069 | E35: 13000 | G35: =IF(TRIM(D35)="","",IFERROR(INDEX('Student Master'!AB:AB,MATCH(D35,'Student Master'!B:B,0)),"0")) -> 16000 | H35: =IF(TRIM(D35)="","",IFERROR(INDEX('Student Master'!AG:AG,MATCH(D35,'Student Master'!B:B,0)),"0")) -> 10500 | I35: =IF(TRIM(D35)="","",IFERROR(INDEX('Student Master'!AH:AH,MATCH(D35,'Student Master'!B:B,0)),"0")) -> 5500 | J35: =IF(TRIM(D35)="","",IFERROR(INDEX('Student Master'!AI:AI,MATCH(D35,'Student Master'!B:B,0)),"0")) -> 0 | K35: =IF(TRIM(D35)="","",E35/G35) -> 0.8125 | M35: =IF(TRIM(D35)="","",IFERROR(INDEX('Student Master'!C:C,MATCH(D35,'Student Master'!B:B,0)),"0")) -> D. NIKITHA | N35: =IF(TRIM(D35)="","",IFERROR(INDEX('Student Master'!D:D,MATCH(D35,'Student Master'!B:B,0)),"0")) -> 3 - AM | O35: =IF(TRIM(D35)="","",IFERROR(INDEX('Student Master'!H:H,MATCH(D35,'Student Master'!B:B,0)),"0")) -> D. BHEEM SHANKAR | P35: =IF(TRIM(D35)="","",IFERROR(INDEX('Student Master'!N:N,MATCH(D35,'Student Master'!B:B,0)),"0")) -> NAGANPALLY | Q35: =IF(TRIM(D35)="","",IFERROR(INDEX('Student Master'!L:L,MATCH(D35,'Student Master'!B:B,0)),"0")) -> 7702752667
A36: 35 | C36: 21 | D36: 4442 | E36: 13500 | G36: =IF(TRIM(D36)="","",IFERROR(INDEX('Student Master'!AB:AB,MATCH(D36,'Student Master'!B:B,0)),"0")) -> 17500 | H36: =IF(TRIM(D36)="","",IFERROR(INDEX('Student Master'!AG:AG,MATCH(D36,'Student Master'!B:B,0)),"0")) -> 9500 | I36: =IF(TRIM(D36)="","",IFERROR(INDEX('Student Master'!AH:AH,MATCH(D36,'Student Master'!B:B,0)),"0")) -> 8000 | J36: =IF(TRIM(D36)="","",IFERROR(INDEX('Student Master'!AI:AI,MATCH(D36,'Student Master'!B:B,0)),"0")) -> 0 | K36: =IF(TRIM(D36)="","",E36/G36) -> 0.77142857 | M36: =IF(TRIM(D36)="","",IFERROR(INDEX('Student Master'!C:C,MATCH(D36,'Student Master'!B:B,0)),"0")) -> MD. MIRZA ABBU BAQAR | N36: =IF(TRIM(D36)="","",IFERROR(INDEX('Student Master'!D:D,MATCH(D36,'Student Master'!B:B,0)),"0")) -> 1 - BM | O36: =IF(TRIM(D36)="","",IFERROR(INDEX('Student Master'!H:H,MATCH(D36,'Student Master'!B:B,0)),"0")) -> MIRZA AZMATH BAIG | P36: =IF(TRIM(D36)="","",IFERROR(INDEX('Student Master'!N:N,MATCH(D36,'Student Master'!B:B,0)),"0")) -> KOPPARGA | Q36: =IF(TRIM(D36)="","",IFERROR(INDEX('Student Master'!L:L,MATCH(D36,'Student Master'!B:B,0)),"0")) -> 7569194416
A37: 36 | C37: 22 | D37: 3210 | E37: 18000 | G37: =IF(TRIM(D37)="","",IFERROR(INDEX('Student Master'!AB:AB,MATCH(D37,'Student Master'!B:B,0)),"0")) -> 22000 | H37: =IF(TRIM(D37)="","",IFERROR(INDEX('Student Master'!AG:AG,MATCH(D37,'Student Master'!B:B,0)),"0")) -> 15000 | I37: =IF(TRIM(D37)="","",IFERROR(INDEX('Student Master'!AH:AH,MATCH(D37,'Student Master'!B:B,0)),"0")) -> 7000 | J37: =IF(TRIM(D37)="","",IFERROR(INDEX('Student Master'!AI:AI,MATCH(D37,'Student Master'!B:B,0)),"0")) -> 0 | K37: =IF(TRIM(D37)="","",E37/G37) -> 0.81818182 | M37: =IF(TRIM(D37)="","",IFERROR(INDEX('Student Master'!C:C,MATCH(D37,'Student Master'!B:B,0)),"0")) -> S. GANGOTHRI | N37: =IF(TRIM(D37)="","",IFERROR(INDEX('Student Master'!D:D,MATCH(D37,'Student Master'!B:B,0)),"0")) -> 6 - BM | O37: =IF(TRIM(D37)="","",IFERROR(INDEX('Student Master'!H:H,MATCH(D37,'Student Master'!B:B,0)),"0")) -> RAMESH | P37: =IF(TRIM(D37)="","",IFERROR(INDEX('Student Master'!N:N,MATCH(D37,'Student Master'!B:B,0)),"0")) -> KALDURKI | Q37: =IF(TRIM(D37)="","",IFERROR(INDEX('Student Master'!L:L,MATCH(D37,'Student Master'!B:B,0)),"0")) -> 8096094332
A38: 37 | C38: 23 | D38: 4779 | E38: 11000 | G38: =IF(TRIM(D38)="","",IFERROR(INDEX('Student Master'!AB:AB,MATCH(D38,'Student Master'!B:B,0)),"0")) -> 15500 | H38: =IF(TRIM(D38)="","",IFERROR(INDEX('Student Master'!AG:AG,MATCH(D38,'Student Master'!B:B,0)),"0")) -> 8500 | I38: =IF(TRIM(D38)="","",IFERROR(INDEX('Student Master'!AH:AH,MATCH(D38,'Student Master'!B:B,0)),"0")) -> 7000 | J38: =IF(TRIM(D38)="","",IFERROR(INDEX('Student Master'!AI:AI,MATCH(D38,'Student Master'!B:B,0)),"0")) -> 0 | K38: =IF(TRIM(D38)="","",E38/G38) -> 0.70967742 | M38: =IF(TRIM(D38)="","",IFERROR(INDEX('Student Master'!C:C,MATCH(D38,'Student Master'!B:B,0)),"0")) -> S.Shiva | N38: =IF(TRIM(D38)="","",IFERROR(INDEX('Student Master'!D:D,MATCH(D38,'Student Master'!B:B,0)),"0")) -> L - AM | O38: =IF(TRIM(D38)="","",IFERROR(INDEX('Student Master'!H:H,MATCH(D38,'Student Master'!B:B,0)),"0")) -> Beerappa | P38: =IF(TRIM(D38)="","",IFERROR(INDEX('Student Master'!N:N,MATCH(D38,'Student Master'!B:B,0)),"0")) -> Kaldurki | Q38: =IF(TRIM(D38)="","",IFERROR(INDEX('Student Master'!L:L,MATCH(D38,'Student Master'!B:B,0)),"0")) -> 9494262688
A39: 38 | C39: 24 | D39: 4586 | E39: 11000 | G39: =IF(TRIM(D39)="","",IFERROR(INDEX('Student Master'!AB:AB,MATCH(D39,'Student Master'!B:B,0)),"0")) -> 15500 | H39: =IF(TRIM(D39)="","",IFERROR(INDEX('Student Master'!AG:AG,MATCH(D39,'Student Master'!B:B,0)),"0")) -> 8500 | I39: =IF(TRIM(D39)="","",IFERROR(INDEX('Student Master'!AH:AH,MATCH(D39,'Student Master'!B:B,0)),"0")) -> 7000 | J39: =IF(TRIM(D39)="","",IFERROR(INDEX('Student Master'!AI:AI,MATCH(D39,'Student Master'!B:B,0)),"0")) -> 0 | K39: =IF(TRIM(D39)="","",E39/G39) -> 0.70967742 | M39: =IF(TRIM(D39)="","",IFERROR(INDEX('Student Master'!C:C,MATCH(D39,'Student Master'!B:B,0)),"0")) -> B.YASHWANTH | N39: =IF(TRIM(D39)="","",IFERROR(INDEX('Student Master'!D:D,MATCH(D39,'Student Master'!B:B,0)),"0")) -> L - AS | O39: =IF(TRIM(D39)="","",IFERROR(INDEX('Student Master'!H:H,MATCH(D39,'Student Master'!B:B,0)),"0")) -> LINGAIAH | P39: =IF(TRIM(D39)="","",IFERROR(INDEX('Student Master'!N:N,MATCH(D39,'Student Master'!B:B,0)),"0")) -> Pegadapally | Q39: =IF(TRIM(D39)="","",IFERROR(INDEX('Student Master'!L:L,MATCH(D39,'Student Master'!B:B,0)),"0")) -> 9493928480
A40: 39 | C40: 25 | D40: 4781 | E40: 13000 | G40: =IF(TRIM(D40)="","",IFERROR(INDEX('Student Master'!AB:AB,MATCH(D40,'Student Master'!B:B,0)),"0")) -> 17500 | H40: =IF(TRIM(D40)="","",IFERROR(INDEX('Student Master'!AG:AG,MATCH(D40,'Student Master'!B:B,0)),"0")) -> 10500 | I40: =IF(TRIM(D40)="","",IFERROR(INDEX('Student Master'!AH:AH,MATCH(D40,'Student Master'!B:B,0)),"0")) -> 7000 | J40: =IF(TRIM(D40)="","",IFERROR(INDEX('Student Master'!AI:AI,MATCH(D40,'Student Master'!B:B,0)),"0")) -> 0 | K40: =IF(TRIM(D40)="","",E40/G40) -> 0.74285714 | M40: =IF(TRIM(D40)="","",IFERROR(INDEX('Student Master'!C:C,MATCH(D40,'Student Master'!B:B,0)),"0")) -> G.LOHITHA | N40: =IF(TRIM(D40)="","",IFERROR(INDEX('Student Master'!D:D,MATCH(D40,'Student Master'!B:B,0)),"0")) -> 3 - AM | O40: =IF(TRIM(D40)="","",IFERROR(INDEX('Student Master'!H:H,MATCH(D40,'Student Master'!B:B,0)),"0")) -> G.VIDYADHAR | P40: =IF(TRIM(D40)="","",IFERROR(INDEX('Student Master'!N:N,MATCH(D40,'Student Master'!B:B,0)),"0")) -> Salampad | Q40: =IF(TRIM(D40)="","",IFERROR(INDEX('Student Master'!L:L,MATCH(D40,'Student Master'!B:B,0)),"0")) -> 9908375930
A41: 40 | C41: 26 | D41: 4681 | E41: 12000 | G41: =IF(TRIM(D41)="","",IFERROR(INDEX('Student Master'!AB:AB,MATCH(D41,'Student Master'!B:B,0)),"0")) -> 15000 | H41: =IF(TRIM(D41)="","",IFERROR(INDEX('Student Master'!AG:AG,MATCH(D41,'Student Master'!B:B,0)),"0")) -> 10000 | I41: =IF(TRIM(D41)="","",IFERROR(INDEX('Student Master'!AH:AH,MATCH(D41,'Student Master'!B:B,0)),"0")) -> 5000 | J41: =IF(TRIM(D41)="","",IFERROR(INDEX('Student Master'!AI:AI,MATCH(D41,'Student Master'!B:B,0)),"0")) -> 0 | K41: =IF(TRIM(D41)="","",E41/G41) -> 0.8 | M41: =IF(TRIM(D41)="","",IFERROR(INDEX('Student Master'!C:C,MATCH(D41,'Student Master'!B:B,0)),"0")) -> SHAZIA GAZALA MAHEBUB | N41: =IF(TRIM(D41)="","",IFERROR(INDEX('Student Master'!D:D,MATCH(D41,'Student Master'!B:B,0)),"0")) -> 2 - AS | O41: =IF(TRIM(D41)="","",IFERROR(INDEX('Student Master'!H:H,MATCH(D41,'Student Master'!B:B,0)),"0")) -> SHAIK MAHABOOB | P41: =IF(TRIM(D41)="","",IFERROR(INDEX('Student Master'!N:N,MATCH(D41,'Student Master'!B:B,0)),"0")) -> Azam Gunj | Q41: =IF(TRIM(D41)="","",IFERROR(INDEX('Student Master'!L:L,MATCH(D41,'Student Master'!B:B,0)),"0")) -> 9922696237
A42: 41 | C42: 26 | D42: 4683 | E42: 14000 | G42: =IF(TRIM(D42)="","",IFERROR(INDEX('Student Master'!AB:AB,MATCH(D42,'Student Master'!B:B,0)),"0")) -> 20000 | H42: =IF(TRIM(D42)="","",IFERROR(INDEX('Student Master'!AG:AG,MATCH(D42,'Student Master'!B:B,0)),"0")) -> 15000 | I42: =IF(TRIM(D42)="","",IFERROR(INDEX('Student Master'!AH:AH,MATCH(D42,'Student Master'!B:B,0)),"0")) -> 5000 | J42: =IF(TRIM(D42)="","",IFERROR(INDEX('Student Master'!AI:AI,MATCH(D42,'Student Master'!B:B,0)),"0")) -> 0 | K42: =IF(TRIM(D42)="","",E42/G42) -> 0.7 | M42: =IF(TRIM(D42)="","",IFERROR(INDEX('Student Master'!C:C,MATCH(D42,'Student Master'!B:B,0)),"0")) -> SHAIK TAMIN KOUSER MAHEBOOB | N42: =IF(TRIM(D42)="","",IFERROR(INDEX('Student Master'!D:D,MATCH(D42,'Student Master'!B:B,0)),"0")) -> 6 - AS | O42: =IF(TRIM(D42)="","",IFERROR(INDEX('Student Master'!H:H,MATCH(D42,'Student Master'!B:B,0)),"0")) -> SHAIK MAHEBOOB | P42: =IF(TRIM(D42)="","",IFERROR(INDEX('Student Master'!N:N,MATCH(D42,'Student Master'!B:B,0)),"0")) -> Azam Gunj | Q42: =IF(TRIM(D42)="","",IFERROR(INDEX('Student Master'!L:L,MATCH(D42,'Student Master'!B:B,0)),"0")) -> 9922696237
A43: 42 | C43: 27 | D43: 4521 | E43: 6500 | G43: =IF(TRIM(D43)="","",IFERROR(INDEX('Student Master'!AB:AB,MATCH(D43,'Student Master'!B:B,0)),"0")) -> 9000 | H43: =IF(TRIM(D43)="","",IFERROR(INDEX('Student Master'!AG:AG,MATCH(D43,'Student Master'!B:B,0)),"0")) -> 9000 | I43: =IF(TRIM(D43)="","",IFERROR(INDEX('Student Master'!AH:AH,MATCH(D43,'Student Master'!B:B,0)),"0")) -> 0 | J43: =IF(TRIM(D43)="","",IFERROR(INDEX('Student Master'!AI:AI,MATCH(D43,'Student Master'!B:B,0)),"0")) -> 0 | K43: =IF(TRIM(D43)="","",E43/G43) -> 0.72222222 | M43: =IF(TRIM(D43)="","",IFERROR(INDEX('Student Master'!C:C,MATCH(D43,'Student Master'!B:B,0)),"0")) -> S.ASHWINI | N43: =IF(TRIM(D43)="","",IFERROR(INDEX('Student Master'!D:D,MATCH(D43,'Student Master'!B:B,0)),"0")) -> U - AS | O43: =IF(TRIM(D43)="","",IFERROR(INDEX('Student Master'!H:H,MATCH(D43,'Student Master'!B:B,0)),"0")) -> S.SHYAM | P43: =IF(TRIM(D43)="","",IFERROR(INDEX('Student Master'!N:N,MATCH(D43,'Student Master'!B:B,0)),"0")) -> Sharbathi Canal | Q43: =IF(TRIM(D43)="","",IFERROR(INDEX('Student Master'!L:L,MATCH(D43,'Student Master'!B:B,0)),"0")) -> 9701455885
A44: 43 | C44: 28 | D44: 3647 | E44: 30000 | G44: =IF(TRIM(D44)="","",IFERROR(INDEX('Student Master'!AB:AB,MATCH(D44,'Student Master'!B:B,0)),"0")) -> 36000 | H44: =IF(TRIM(D44)="","",IFERROR(INDEX('Student Master'!AG:AG,MATCH(D44,'Student Master'!B:B,0)),"0")) -> 16000 | I44: =IF(TRIM(D44)="","",IFERROR(INDEX('Student Master'!AH:AH,MATCH(D44,'Student Master'!B:B,0)),"0")) -> 0 | J44: =IF(TRIM(D44)="","",IFERROR(INDEX('Student Master'!AI:AI,MATCH(D44,'Student Master'!B:B,0)),"0")) -> 20000 | K44: =IF(TRIM(D44)="","",E44/G44) -> 0.83333333 | M44: =IF(TRIM(D44)="","",IFERROR(INDEX('Student Master'!C:C,MATCH(D44,'Student Master'!B:B,0)),"0")) -> B. ARUN | N44: =IF(TRIM(D44)="","",IFERROR(INDEX('Student Master'!D:D,MATCH(D44,'Student Master'!B:B,0)),"0")) -> 7 - AS | O44: =IF(TRIM(D44)="","",IFERROR(INDEX('Student Master'!H:H,MATCH(D44,'Student Master'!B:B,0)),"0")) -> RAVI | P44: =IF(TRIM(D44)="","",IFERROR(INDEX('Student Master'!N:N,MATCH(D44,'Student Master'!B:B,0)),"0")) -> HEMLANAYAK THANDA | Q44: =IF(TRIM(D44)="","",IFERROR(INDEX('Student Master'!L:L,MATCH(D44,'Student Master'!B:B,0)),"0")) -> 9492792524
A45: 44 | C45: 29 | D45: 4682 | E45: 23500 | G45: =IF(TRIM(D45)="","",IFERROR(INDEX('Student Master'!AB:AB,MATCH(D45,'Student Master'!B:B,0)),"0")) -> 28000 | H45: =IF(TRIM(D45)="","",IFERROR(INDEX('Student Master'!AG:AG,MATCH(D45,'Student Master'!B:B,0)),"0")) -> 11500 | I45: =IF(TRIM(D45)="","",IFERROR(INDEX('Student Master'!AH:AH,MATCH(D45,'Student Master'!B:B,0)),"0")) -> 0 | J45: =IF(TRIM(D45)="","",IFERROR(INDEX('Student Master'!AI:AI,MATCH(D45,'Student Master'!B:B,0)),"0")) -> 16500 | K45: =IF(TRIM(D45)="","",E45/G45) -> 0.83928571 | M45: =IF(TRIM(D45)="","",IFERROR(INDEX('Student Master'!C:C,MATCH(D45,'Student Master'!B:B,0)),"0")) -> K.AMBAR SINGH | N45: =IF(TRIM(D45)="","",IFERROR(INDEX('Student Master'!D:D,MATCH(D45,'Student Master'!B:B,0)),"0")) -> 4 - AS | O45: =IF(TRIM(D45)="","",IFERROR(INDEX('Student Master'!H:H,MATCH(D45,'Student Master'!B:B,0)),"0")) -> K. RAMESH | P45: =IF(TRIM(D45)="","",IFERROR(INDEX('Student Master'!N:N,MATCH(D45,'Student Master'!B:B,0)),"0")) -> Venkatapur thanda | Q45: =IF(TRIM(D45)="","",IFERROR(INDEX('Student Master'!L:L,MATCH(D45,'Student Master'!B:B,0)),"0")) -> 9493021534
... A51: 50 | C51: 34 | D51: 4284 | E51: 13000 | G51: =IF(TRIM(D51)="","",IFERROR(INDEX('Student Master'!AB:AB,MATCH(D51,'Student Master'!B:B,0)),"0")) -> 17000 | H51: =IF(TRIM(D51)="","",IFERROR(INDEX('Student Master'!AG:AG,MATCH(D51,'Student Master'!B:B,0)),"0")) -> 10000 | I51: =IF(TRIM(D51)="","",IFERROR(INDEX('Student Master'!AH:AH,MATCH(D51,'Student Master'!B:B,0)),"0")) -> 7000 | J51: =IF(TRIM(D51)="","",IFERROR(INDEX('Student Master'!AI:AI,MATCH(D51,'Student Master'!B:B,0)),"0")) -> 0 | K51: =IF(TRIM(D51)="","",E51/G51) -> 0.76470588 | M51: =IF(TRIM(D51)="","",IFERROR(INDEX('Student Master'!C:C,MATCH(D51,'Student Master'!B:B,0)),"0")) -> K. AKASH | N51: =IF(TRIM(D51)="","",IFERROR(INDEX('Student Master'!D:D,MATCH(D51,'Student Master'!B:B,0)),"0")) -> 2 - BM | O51: =IF(TRIM(D51)="","",IFERROR(INDEX('Student Master'!H:H,MATCH(D51,'Student Master'!B:B,0)),"0")) -> K. LAXMAIAH | P51: =IF(TRIM(D51)="","",IFERROR(INDEX('Student Master'!N:N,MATCH(D51,'Student Master'!B:B,0)),"0")) -> PENTAKALAN | Q51: =IF(TRIM(D51)="","",IFERROR(INDEX('Student Master'!L:L,MATCH(D51,'Student Master'!B:B,0)),"0")) -> 6305716847
A52: 51 | C52: 35 | D52: p815 | E52: 12000 | G52: =IF(TRIM(D52)="","",IFERROR(INDEX('Student Master'!AB:AB,MATCH(D52,'Student Master'!B:B,0)),"0")) -> 17000 | H52: =IF(TRIM(D52)="","",IFERROR(INDEX('Student Master'!AG:AG,MATCH(D52,'Student Master'!B:B,0)),"0")) -> 10000 | I52: =IF(TRIM(D52)="","",IFERROR(INDEX('Student Master'!AH:AH,MATCH(D52,'Student Master'!B:B,0)),"0")) -> 7000 | J52: =IF(TRIM(D52)="","",IFERROR(INDEX('Student Master'!AI:AI,MATCH(D52,'Student Master'!B:B,0)),"0")) -> 0 | K52: =IF(TRIM(D52)="","",E52/G52) -> 0.70588235 | M52: =IF(TRIM(D52)="","",IFERROR(INDEX('Student Master'!C:C,MATCH(D52,'Student Master'!B:B,0)),"0")) -> T. SATHWIK | N52: =IF(TRIM(D52)="","",IFERROR(INDEX('Student Master'!D:D,MATCH(D52,'Student Master'!B:B,0)),"0")) -> 2 - BM | O52: =IF(TRIM(D52)="","",IFERROR(INDEX('Student Master'!H:H,MATCH(D52,'Student Master'!B:B,0)),"0")) -> T. ANJAIAH | P52: =IF(TRIM(D52)="","",IFERROR(INDEX('Student Master'!N:N,MATCH(D52,'Student Master'!B:B,0)),"0")) -> KUMMANPALLY | Q52: =IF(TRIM(D52)="","",IFERROR(INDEX('Student Master'!L:L,MATCH(D52,'Student Master'!B:B,0)),"0")) -> 7702692733
A53: 52 | C53: 35 | D53: p481 | E53: 14000 | G53: =IF(TRIM(D53)="","",IFERROR(INDEX('Student Master'!AB:AB,MATCH(D53,'Student Master'!B:B,0)),"0")) -> 18500 | H53: =IF(TRIM(D53)="","",IFERROR(INDEX('Student Master'!AG:AG,MATCH(D53,'Student Master'!B:B,0)),"0")) -> 11500 | I53: =IF(TRIM(D53)="","",IFERROR(INDEX('Student Master'!AH:AH,MATCH(D53,'Student Master'!B:B,0)),"0")) -> 7000 | J53: =IF(TRIM(D53)="","",IFERROR(INDEX('Student Master'!AI:AI,MATCH(D53,'Student Master'!B:B,0)),"0")) -> 0 | K53: =IF(TRIM(D53)="","",E53/G53) -> 0.75675676 | M53: =IF(TRIM(D53)="","",IFERROR(INDEX('Student Master'!C:C,MATCH(D53,'Student Master'!B:B,0)),"0")) -> T. AKSHARA | N53: =IF(TRIM(D53)="","",IFERROR(INDEX('Student Master'!D:D,MATCH(D53,'Student Master'!B:B,0)),"0")) -> 4 - BM | O53: =IF(TRIM(D53)="","",IFERROR(INDEX('Student Master'!H:H,MATCH(D53,'Student Master'!B:B,0)),"0")) -> T. ANJAIAH | P53: =IF(TRIM(D53)="","",IFERROR(INDEX('Student Master'!N:N,MATCH(D53,'Student Master'!B:B,0)),"0")) -> KUMMANPALLY | Q53: =IF(TRIM(D53)="","",IFERROR(INDEX('Student Master'!L:L,MATCH(D53,'Student Master'!B:B,0)),"0")) -> 7702692733
A54: 53 | C54: 36 | D54: p555 | E54: 14000 | G54: =IF(TRIM(D54)="","",IFERROR(INDEX('Student Master'!AB:AB,MATCH(D54,'Student Master'!B:B,0)),"0")) -> 17500 | H54: =IF(TRIM(D54)="","",IFERROR(INDEX('Student Master'!AG:AG,MATCH(D54,'Student Master'!B:B,0)),"0")) -> 10500 | I54: =IF(TRIM(D54)="","",IFERROR(INDEX('Student Master'!AH:AH,MATCH(D54,'Student Master'!B:B,0)),"0")) -> 7000 | J54: =IF(TRIM(D54)="","",IFERROR(INDEX('Student Master'!AI:AI,MATCH(D54,'Student Master'!B:B,0)),"0")) -> 0 | K54: =IF(TRIM(D54)="","",E54/G54) -> 0.8 | M54: =IF(TRIM(D54)="","",IFERROR(INDEX('Student Master'!C:C,MATCH(D54,'Student Master'!B:B,0)),"0")) -> B. SRI TEJA | N54: =IF(TRIM(D54)="","",IFERROR(INDEX('Student Master'!D:D,MATCH(D54,'Student Master'!B:B,0)),"0")) -> 3 - AS | O54: =IF(TRIM(D54)="","",IFERROR(INDEX('Student Master'!H:H,MATCH(D54,'Student Master'!B:B,0)),"0")) -> B. SRINU | P54: =IF(TRIM(D54)="","",IFERROR(INDEX('Student Master'!N:N,MATCH(D54,'Student Master'!B:B,0)),"0")) -> PEGADAPALLY | Q54: =IF(TRIM(D54)="","",IFERROR(INDEX('Student Master'!L:L,MATCH(D54,'Student Master'!B:B,0)),"0")) -> 9505839066
A55: 54 | C55: 36 | D55: 4793 | E55: 12000 | G55: =IF(TRIM(D55)="","",IFERROR(INDEX('Student Master'!AB:AB,MATCH(D55,'Student Master'!B:B,0)),"0")) -> 16000 | H55: =IF(TRIM(D55)="","",IFERROR(INDEX('Student Master'!AG:AG,MATCH(D55,'Student Master'!B:B,0)),"0")) -> 9000 | I55: =IF(TRIM(D55)="","",IFERROR(INDEX('Student Master'!AH:AH,MATCH(D55,'Student Master'!B:B,0)),"0")) -> 7000 | J55: =IF(TRIM(D55)="","",IFERROR(INDEX('Student Master'!AI:AI,MATCH(D55,'Student Master'!B:B,0)),"0")) -> 0 | K55: =IF(TRIM(D55)="","",E55/G55) -> 0.75 | M55: =IF(TRIM(D55)="","",IFERROR(INDEX('Student Master'!C:C,MATCH(D55,'Student Master'!B:B,0)),"0")) -> B.MANASA | N55: =IF(TRIM(D55)="","",IFERROR(INDEX('Student Master'!D:D,MATCH(D55,'Student Master'!B:B,0)),"0")) -> U - AS | O55: =IF(TRIM(D55)="","",IFERROR(INDEX('Student Master'!H:H,MATCH(D55,'Student Master'!B:B,0)),"0")) -> B. SRINU | P55: =IF(TRIM(D55)="","",IFERROR(INDEX('Student Master'!N:N,MATCH(D55,'Student Master'!B:B,0)),"0")) -> Pegadapally | Q55: =IF(TRIM(D55)="","",IFERROR(INDEX('Student Master'!L:L,MATCH(D55,'Student Master'!B:B,0)),"0")) -> 9505839066
A56: 55 | C56: 37 | D56: 4396 | E56: 6500 | G56: =IF(TRIM(D56)="","",IFERROR(INDEX('Student Master'!AB:AB,MATCH(D56,'Student Master'!B:B,0)),"0")) -> 8500 | H56: =IF(TRIM(D56)="","",IFERROR(INDEX('Student Master'!AG:AG,MATCH(D56,'Student Master'!B:B,0)),"0")) -> 8500 | I56: =IF(TRIM(D56)="","",IFERROR(INDEX('Student Master'!AH:AH,MATCH(D56,'Student Master'!B:B,0)),"0")) -> 0 | J56: =IF(TRIM(D56)="","",IFERROR(INDEX('Student Master'!AI:AI,MATCH(D56,'Student Master'!B:B,0)),"0")) -> 0 | K56: =IF(TRIM(D56)="","",E56/G56) -> 0.76470588 | M56: =IF(TRIM(D56)="","",IFERROR(INDEX('Student Master'!C:C,MATCH(D56,'Student Master'!B:B,0)),"0")) -> CH. ABHINAV | N56: =IF(TRIM(D56)="","",IFERROR(INDEX('Student Master'!D:D,MATCH(D56,'Student Master'!B:B,0)),"0")) -> L - AM | O56: =IF(TRIM(D56)="","",IFERROR(INDEX('Student Master'!H:H,MATCH(D56,'Student Master'!B:B,0)),"0")) -> KRANTHI KUMAR | P56: =IF(TRIM(D56)="","",IFERROR(INDEX('Student Master'!N:N,MATCH(D56,'Student Master'!B:B,0)),"0")) -> SHARBATHI CANAL | Q56: =IF(TRIM(D56)="","",IFERROR(INDEX('Student Master'!L:L,MATCH(D56,'Student Master'!B:B,0)),"0")) -> 9666690403
A57: 56 | C57: 38 | D57: 4349 | E57: 12000 | G57: =IF(TRIM(D57)="","",IFERROR(INDEX('Student Master'!AB:AB,MATCH(D57,'Student Master'!B:B,0)),"0")) -> 17000 | H57: =IF(TRIM(D57)="","",IFERROR(INDEX('Student Master'!AG:AG,MATCH(D57,'Student Master'!B:B,0)),"0")) -> 10000 | I57: =IF(TRIM(D57)="","",IFERROR(INDEX('Student Master'!AH:AH,MATCH(D57,'Student Master'!B:B,0)),"0")) -> 7000 | J57: =IF(TRIM(D57)="","",IFERROR(INDEX('Student Master'!AI:AI,MATCH(D57,'Student Master'!B:B,0)),"0")) -> 0 | K57: =IF(TRIM(D57)="","",E57/G57) -> 0.70588235 | M57: =IF(TRIM(D57)="","",IFERROR(INDEX('Student Master'!C:C,MATCH(D57,'Student Master'!B:B,0)),"0")) -> K. MEETHUN KUMAR | N57: =IF(TRIM(D57)="","",IFERROR(INDEX('Student Master'!D:D,MATCH(D57,'Student Master'!B:B,0)),"0")) -> 2 - AS | O57: =IF(TRIM(D57)="","",IFERROR(INDEX('Student Master'!H:H,MATCH(D57,'Student Master'!B:B,0)),"0")) -> K. PRAVEEN KUMAR | P57: =IF(TRIM(D57)="","",IFERROR(INDEX('Student Master'!N:N,MATCH(D57,'Student Master'!B:B,0)),"0")) -> PEGADAPALLY | Q57: =IF(TRIM(D57)="","",IFERROR(INDEX('Student Master'!L:L,MATCH(D57,'Student Master'!B:B,0)),"0")) -> 9652179676
A58: 57 | C58: 38 | D58: 4415 | E58: 10000 | G58: =IF(TRIM(D58)="","",IFERROR(INDEX('Student Master'!AB:AB,MATCH(D58,'Student Master'!B:B,0)),"0")) -> 15500 | H58: =IF(TRIM(D58)="","",IFERROR(INDEX('Student Master'!AG:AG,MATCH(D58,'Student Master'!B:B,0)),"0")) -> 8500 | I58: =IF(TRIM(D58)="","",IFERROR(INDEX('Student Master'!AH:AH,MATCH(D58,'Student Master'!B:B,0)),"0")) -> 7000 | J58: =IF(TRIM(D58)="","",IFERROR(INDEX('Student Master'!AI:AI,MATCH(D58,'Student Master'!B:B,0)),"0")) -> 0 | K58: =IF(TRIM(D58)="","",E58/G58) -> 0.64516129 | M58: =IF(TRIM(D58)="","",IFERROR(INDEX('Student Master'!C:C,MATCH(D58,'Student Master'!B:B,0)),"0")) -> K. LIKVITH | N58: =IF(TRIM(D58)="","",IFERROR(INDEX('Student Master'!D:D,MATCH(D58,'Student Master'!B:B,0)),"0")) -> L - AS | O58: =IF(TRIM(D58)="","",IFERROR(INDEX('Student Master'!H:H,MATCH(D58,'Student Master'!B:B,0)),"0")) -> PRAVEEN KUMAR | P58: =IF(TRIM(D58)="","",IFERROR(INDEX('Student Master'!N:N,MATCH(D58,'Student Master'!B:B,0)),"0")) -> PEGADAPALLY | Q58: =IF(TRIM(D58)="","",IFERROR(INDEX('Student Master'!L:L,MATCH(D58,'Student Master'!B:B,0)),"0")) -> 9652179676
A59: 58 | C59: 39 | D59: 4076 | E59: 13000 | G59: =IF(TRIM(D59)="","",IFERROR(INDEX('Student Master'!AB:AB,MATCH(D59,'Student Master'!B:B,0)),"0")) -> 18500 | H59: =IF(TRIM(D59)="","",IFERROR(INDEX('Student Master'!AG:AG,MATCH(D59,'Student Master'!B:B,0)),"0")) -> 10500 | I59: =IF(TRIM(D59)="","",IFERROR(INDEX('Student Master'!AH:AH,MATCH(D59,'Student Master'!B:B,0)),"0")) -> 8000 | J59: =IF(TRIM(D59)="","",IFERROR(INDEX('Student Master'!AI:AI,MATCH(D59,'Student Master'!B:B,0)),"0")) -> 0 | K59: =IF(TRIM(D59)="","",E59/G59) -> 0.7027027 | M59: =IF(TRIM(D59)="","",IFERROR(INDEX('Student Master'!C:C,MATCH(D59,'Student Master'!B:B,0)),"0")) -> SD. FAYAZ | N59: =IF(TRIM(D59)="","",IFERROR(INDEX('Student Master'!D:D,MATCH(D59,'Student Master'!B:B,0)),"0")) -> 3 - AM | O59: =IF(TRIM(D59)="","",IFERROR(INDEX('Student Master'!H:H,MATCH(D59,'Student Master'!B:B,0)),"0")) -> SD. SALEEM | P59: =IF(TRIM(D59)="","",IFERROR(INDEX('Student Master'!N:N,MATCH(D59,'Student Master'!B:B,0)),"0")) -> KOPPARGA | Q59: =IF(TRIM(D59)="","",IFERROR(INDEX('Student Master'!L:L,MATCH(D59,'Student Master'!B:B,0)),"0")) -> 9948810342
A60: 59 | C60: 40 | D60: 4796 | E60: 13000 | G60: =IF(TRIM(D60)="","",IFERROR(INDEX('Student Master'!AB:AB,MATCH(D60,'Student Master'!B:B,0)),"0")) -> 17500 | H60: =IF(TRIM(D60)="","",IFERROR(INDEX('Student Master'!AG:AG,MATCH(D60,'Student Master'!B:B,0)),"0")) -> 10500 | I60: =IF(TRIM(D60)="","",IFERROR(INDEX('Student Master'!AH:AH,MATCH(D60,'Student Master'!B:B,0)),"0")) -> 7000 | J60: =IF(TRIM(D60)="","",IFERROR(INDEX('Student Master'!AI:AI,MATCH(D60,'Student Master'!B:B,0)),"0")) -> 0 | K60: =IF(TRIM(D60)="","",E60/G60) -> 0.74285714 | M60: =IF(TRIM(D60)="","",IFERROR(INDEX('Student Master'!C:C,MATCH(D60,'Student Master'!B:B,0)),"0")) -> V.KAVYA SRI | N60: =IF(TRIM(D60)="","",IFERROR(INDEX('Student Master'!D:D,MATCH(D60,'Student Master'!B:B,0)),"0")) -> 3 - BM | O60: =IF(TRIM(D60)="","",IFERROR(INDEX('Student Master'!H:H,MATCH(D60,'Student Master'!B:B,0)),"0")) -> ANJANEYLU | P60: =IF(TRIM(D60)="","",IFERROR(INDEX('Student Master'!N:N,MATCH(D60,'Student Master'!B:B,0)),"0")) -> JADI JAMALPUR | Q60: =IF(TRIM(D60)="","",IFERROR(INDEX('Student Master'!L:L,MATCH(D60,'Student Master'!B:B,0)),"0")) -> 9581770834
A61: 60 | C61: 41 | D61: 2830 | E61: 18000 | G61: =IF(TRIM(D61)="","",IFERROR(INDEX('Student Master'!AB:AB,MATCH(D61,'Student Master'!B:B,0)),"0")) -> 23500 | H61: =IF(TRIM(D61)="","",IFERROR(INDEX('Student Master'!AG:AG,MATCH(D61,'Student Master'!B:B,0)),"0")) -> 18000 | I61: =IF(TRIM(D61)="","",IFERROR(INDEX('Student Master'!AH:AH,MATCH(D61,'Student Master'!B:B,0)),"0")) -> 5500 | J61: =IF(TRIM(D61)="","",IFERROR(INDEX('Student Master'!AI:AI,MATCH(D61,'Student Master'!B:B,0)),"0")) -> 0 | K61: =IF(TRIM(D61)="","",E61/G61) -> 0.76595745 | M61: =IF(TRIM(D61)="","",IFERROR(INDEX('Student Master'!C:C,MATCH(D61,'Student Master'!B:B,0)),"0")) -> B. MANISHA | N61: =IF(TRIM(D61)="","",IFERROR(INDEX('Student Master'!D:D,MATCH(D61,'Student Master'!B:B,0)),"0")) -> 8 - AM | O61: =IF(TRIM(D61)="","",IFERROR(INDEX('Student Master'!H:H,MATCH(D61,'Student Master'!B:B,0)),"0")) -> CHAKRADHARI | P61: =IF(TRIM(D61)="","",IFERROR(INDEX('Student Master'!N:N,MATCH(D61,'Student Master'!B:B,0)),"0")) -> NAGANPALLY | Q61: =IF(TRIM(D61)="","",IFERROR(INDEX('Student Master'!L:L,MATCH(D61,'Student Master'!B:B,0)),"0")) -> 8374101952
A62: 61 | C62: 41 | D62: 4422 | E62: 10000 | G62: =IF(TRIM(D62)="","",IFERROR(INDEX('Student Master'!AB:AB,MATCH(D62,'Student Master'!B:B,0)),"0")) -> 14500 | H62: =IF(TRIM(D62)="","",IFERROR(INDEX('Student Master'!AG:AG,MATCH(D62,'Student Master'!B:B,0)),"0")) -> 9000 | I62: =IF(TRIM(D62)="","",IFERROR(INDEX('Student Master'!AH:AH,MATCH(D62,'Student Master'!B:B,0)),"0")) -> 5500 | J62: =IF(TRIM(D62)="","",IFERROR(INDEX('Student Master'!AI:AI,MATCH(D62,'Student Master'!B:B,0)),"0")) -> 0 | K62: =IF(TRIM(D62)="","",E62/G62) -> 0.68965517 | M62: =IF(TRIM(D62)="","",IFERROR(INDEX('Student Master'!C:C,MATCH(D62,'Student Master'!B:B,0)),"0")) -> B. RUDRANI | N62: =IF(TRIM(D62)="","",IFERROR(INDEX('Student Master'!D:D,MATCH(D62,'Student Master'!B:B,0)),"0")) -> U - BM | O62: =IF(TRIM(D62)="","",IFERROR(INDEX('Student Master'!H:H,MATCH(D62,'Student Master'!B:B,0)),"0")) -> CHAKRADARI | P62: =IF(TRIM(D62)="","",IFERROR(INDEX('Student Master'!N:N,MATCH(D62,'Student Master'!B:B,0)),"0")) -> NAGANPALLY | Q62: =IF(TRIM(D62)="","",IFERROR(INDEX('Student Master'!L:L,MATCH(D62,'Student Master'!B:B,0)),"0")) -> 8374101952
A63: 62 | C63: 41 | D63: 4073 | E63: 13000 | G63: =IF(TRIM(D63)="","",IFERROR(INDEX('Student Master'!AB:AB,MATCH(D63,'Student Master'!B:B,0)),"0")) -> 16000 | H63: =IF(TRIM(D63)="","",IFERROR(INDEX('Student Master'!AG:AG,MATCH(D63,'Student Master'!B:B,0)),"0")) -> 10500 | I63: =IF(TRIM(D63)="","",IFERROR(INDEX('Student Master'!AH:AH,MATCH(D63,'Student Master'!B:B,0)),"0")) -> 5500 | J63: =IF(TRIM(D63)="","",IFERROR(INDEX('Student Master'!AI:AI,MATCH(D63,'Student Master'!B:B,0)),"0")) -> 0 | K63: =IF(TRIM(D63)="","",E63/G63) -> 0.8125 | M63: =IF(TRIM(D63)="","",IFERROR(INDEX('Student Master'!C:C,MATCH(D63,'Student Master'!B:B,0)),"0")) -> B. SUDHIKSHA | N63: =IF(TRIM(D63)="","",IFERROR(INDEX('Student Master'!D:D,MATCH(D63,'Student Master'!B:B,0)),"0")) -> 3 - BM | O63: =IF(TRIM(D63)="","",IFERROR(INDEX('Student Master'!H:H,MATCH(D63,'Student Master'!B:B,0)),"0")) -> B. CHAKRADHARI | P63: =IF(TRIM(D63)="","",IFERROR(INDEX('Student Master'!N:N,MATCH(D63,'Student Master'!B:B,0)),"0")) -> NAGANPALLY | Q63: =IF(TRIM(D63)="","",IFERROR(INDEX('Student Master'!L:L,MATCH(D63,'Student Master'!B:B,0)),"0")) -> 8374101952
A64: 63 | C64: 42 | D64: 3404 | E64: 17000 | G64: =IF(TRIM(D64)="","",IFERROR(INDEX('Student Master'!AB:AB,MATCH(D64,'Student Master'!B:B,0)),"0")) -> 24000 | H64: =IF(TRIM(D64)="","",IFERROR(INDEX('Student Master'!AG:AG,MATCH(D64,'Student Master'!B:B,0)),"0")) -> 16000 | I64: =IF(TRIM(D64)="","",IFERROR(INDEX('Student Master'!AH:AH,MATCH(D64,'Student Master'!B:B,0)),"0")) -> 8000 | J64: =IF(TRIM(D64)="","",IFERROR(INDEX('Student Master'!AI:AI,MATCH(D64,'Student Master'!B:B,0)),"0")) -> 0 | K64: =IF(TRIM(D64)="","",E64/G64) -> 0.70833333 | M64: =IF(TRIM(D64)="","",IFERROR(INDEX('Student Master'!C:C,MATCH(D64,'Student Master'!B:B,0)),"0")) -> A. PRAVEEN KUMAR | N64: =IF(TRIM(D64)="","",IFERROR(INDEX('Student Master'!D:D,MATCH(D64,'Student Master'!B:B,0)),"0")) -> 7 - AM | O64: =IF(TRIM(D64)="","",IFERROR(INDEX('Student Master'!H:H,MATCH(D64,'Student Master'!B:B,0)),"0")) -> LALU | P64: =IF(TRIM(D64)="","",IFERROR(INDEX('Student Master'!N:N,MATCH(D64,'Student Master'!B:B,0)),"0")) -> HANGARGA | Q64: =IF(TRIM(D64)="","",IFERROR(INDEX('Student Master'!L:L,MATCH(D64,'Student Master'!B:B,0)),"0")) -> 7013082412
A65: 64 | C65: 42 | D65: 3403 | E65: 19000 | G65: =IF(TRIM(D65)="","",IFERROR(INDEX('Student Master'!AB:AB,MATCH(D65,'Student Master'!B:B,0)),"0")) -> 26000 | H65: =IF(TRIM(D65)="","",IFERROR(INDEX('Student Master'!AG:AG,MATCH(D65,'Student Master'!B:B,0)),"0")) -> 18000 | I65: =IF(TRIM(D65)="","",IFERROR(INDEX('Student Master'!AH:AH,MATCH(D65,'Student Master'!B:B,0)),"0")) -> 8000 | J65: =IF(TRIM(D65)="","",IFERROR(INDEX('Student Master'!AI:AI,MATCH(D65,'Student Master'!B:B,0)),"0")) -> 0 | K65: =IF(TRIM(D65)="","",E65/G65) -> 0.73076923 | M65: =IF(TRIM(D65)="","",IFERROR(INDEX('Student Master'!C:C,MATCH(D65,'Student Master'!B:B,0)),"0")) -> A. SAI KUMAR | N65: =IF(TRIM(D65)="","",IFERROR(INDEX('Student Master'!D:D,MATCH(D65,'Student Master'!B:B,0)),"0")) -> 8 - AM | O65: =IF(TRIM(D65)="","",IFERROR(INDEX('Student Master'!H:H,MATCH(D65,'Student Master'!B:B,0)),"0")) -> A. LALU | P65: =IF(TRIM(D65)="","",IFERROR(INDEX('Student Master'!N:N,MATCH(D65,'Student Master'!B:B,0)),"0")) -> HANGARGA | Q65: =IF(TRIM(D65)="","",IFERROR(INDEX('Student Master'!L:L,MATCH(D65,'Student Master'!B:B,0)),"0")) -> 7013082412
A66: 65 | C66: 43 | D66: 2465 | E66: 20500 | G66: =IF(TRIM(D66)="","",IFERROR(INDEX('Student Master'!AB:AB,MATCH(D66,'Student Master'!B:B,0)),"0")) -> 27000 | H66: =IF(TRIM(D66)="","",IFERROR(INDEX('Student Master'!AG:AG,MATCH(D66,'Student Master'!B:B,0)),"0")) -> 20000 | I66: =IF(TRIM(D66)="","",IFERROR(INDEX('Student Master'!AH:AH,MATCH(D66,'Student Master'!B:B,0)),"0")) -> 7000 | J66: =IF(TRIM(D66)="","",IFERROR(INDEX('Student Master'!AI:AI,MATCH(D66,'Student Master'!B:B,0)),"0")) -> 0 | K66: =IF(TRIM(D66)="","",E66/G66) -> 0.75925926 | M66: =IF(TRIM(D66)="","",IFERROR(INDEX('Student Master'!C:C,MATCH(D66,'Student Master'!B:B,0)),"0")) -> AFIFA MAHREEN | N66: =IF(TRIM(D66)="","",IFERROR(INDEX('Student Master'!D:D,MATCH(D66,'Student Master'!B:B,0)),"0")) -> 9 - AM | O66: =IF(TRIM(D66)="","",IFERROR(INDEX('Student Master'!H:H,MATCH(D66,'Student Master'!B:B,0)),"0")) -> SHAIK HUSSAIN | P66: =IF(TRIM(D66)="","",IFERROR(INDEX('Student Master'!N:N,MATCH(D66,'Student Master'!B:B,0)),"0")) -> YEDAPALLY | Q66: =IF(TRIM(D66)="","",IFERROR(INDEX('Student Master'!L:L,MATCH(D66,'Student Master'!B:B,0)),"0")) -> 9951846548
... A69: 68 | C69: 46 | D69: 3327 | E69: 26000 | G69: =IF(TRIM(D69)="","",IFERROR(INDEX('Student Master'!AB:AB,MATCH(D69,'Student Master'!B:B,0)),"0")) -> 30000 | H69: =IF(TRIM(D69)="","",IFERROR(INDEX('Student Master'!AG:AG,MATCH(D69,'Student Master'!B:B,0)),"0")) -> 12500 | I69: =IF(TRIM(D69)="","",IFERROR(INDEX('Student Master'!AH:AH,MATCH(D69,'Student Master'!B:B,0)),"0")) -> 0 | J69: =IF(TRIM(D69)="","",IFERROR(INDEX('Student Master'!AI:AI,MATCH(D69,'Student Master'!B:B,0)),"0")) -> 17500 | K69: =IF(TRIM(D69)="","",E69/G69) -> 0.86666667 | M69: =IF(TRIM(D69)="","",IFERROR(INDEX('Student Master'!C:C,MATCH(D69,'Student Master'!B:B,0)),"0")) -> D. VAISHNAVI | N69: =IF(TRIM(D69)="","",IFERROR(INDEX('Student Master'!D:D,MATCH(D69,'Student Master'!B:B,0)),"0")) -> 5 - AS | O69: =IF(TRIM(D69)="","",IFERROR(INDEX('Student Master'!H:H,MATCH(D69,'Student Master'!B:B,0)),"0")) -> D. PRABHAKAR | P69: =IF(TRIM(D69)="","",IFERROR(INDEX('Student Master'!N:N,MATCH(D69,'Student Master'!B:B,0)),"0")) -> HANGARGA | Q69: =IF(TRIM(D69)="","",IFERROR(INDEX('Student Master'!L:L,MATCH(D69,'Student Master'!B:B,0)),"0")) -> 8522020385
A70: 69 | C70: 46 | D70: 2018-19Batch | E70: 24000 | G70: =IF(TRIM(D70)="","",IFERROR(INDEX('Student Master'!AB:AB,MATCH(D70,'Student Master'!B:B,0)),"0")) -> 28000 | H70: =IF(TRIM(D70)="","",IFERROR(INDEX('Student Master'!AG:AG,MATCH(D70,'Student Master'!B:B,0)),"0")) -> 11500 | I70: =IF(TRIM(D70)="","",IFERROR(INDEX('Student Master'!AH:AH,MATCH(D70,'Student Master'!B:B,0)),"0")) -> 0 | J70: =IF(TRIM(D70)="","",IFERROR(INDEX('Student Master'!AI:AI,MATCH(D70,'Student Master'!B:B,0)),"0")) -> 16500 | K70: =IF(TRIM(D70)="","",E70/G70) -> 0.85714286 | M70: =IF(TRIM(D70)="","",IFERROR(INDEX('Student Master'!C:C,MATCH(D70,'Student Master'!B:B,0)),"0")) -> D. VARUN | N70: =IF(TRIM(D70)="","",IFERROR(INDEX('Student Master'!D:D,MATCH(D70,'Student Master'!B:B,0)),"0")) -> 4 - AS | O70: =IF(TRIM(D70)="","",IFERROR(INDEX('Student Master'!H:H,MATCH(D70,'Student Master'!B:B,0)),"0")) -> D. PRABHAKAR | P70: =IF(TRIM(D70)="","",IFERROR(INDEX('Student Master'!N:N,MATCH(D70,'Student Master'!B:B,0)),"0")) -> HANGARGA | Q70: =IF(TRIM(D70)="","",IFERROR(INDEX('Student Master'!L:L,MATCH(D70,'Student Master'!B:B,0)),"0")) -> 8522020385
A71: 70 | C71: 47 | D71: 3816 | E71: 14000 | G71: =IF(TRIM(D71)="","",IFERROR(INDEX('Student Master'!AB:AB,MATCH(D71,'Student Master'!B:B,0)),"0")) -> 18500 | H71: =IF(TRIM(D71)="","",IFERROR(INDEX('Student Master'!AG:AG,MATCH(D71,'Student Master'!B:B,0)),"0")) -> 11500 | I71: =IF(TRIM(D71)="","",IFERROR(INDEX('Student Master'!AH:AH,MATCH(D71,'Student Master'!B:B,0)),"0")) -> 7000 | J71: =IF(TRIM(D71)="","",IFERROR(INDEX('Student Master'!AI:AI,MATCH(D71,'Student Master'!B:B,0)),"0")) -> 0 | K71: =IF(TRIM(D71)="","",E71/G71) -> 0.75675676 | M71: =IF(TRIM(D71)="","",IFERROR(INDEX('Student Master'!C:C,MATCH(D71,'Student Master'!B:B,0)),"0")) -> JAVERIYA BEGUM | N71: =IF(TRIM(D71)="","",IFERROR(INDEX('Student Master'!D:D,MATCH(D71,'Student Master'!B:B,0)),"0")) -> 4 - AM | O71: =IF(TRIM(D71)="","",IFERROR(INDEX('Student Master'!H:H,MATCH(D71,'Student Master'!B:B,0)),"0")) -> SHADULLA KHAN | P71: =IF(TRIM(D71)="","",IFERROR(INDEX('Student Master'!N:N,MATCH(D71,'Student Master'!B:B,0)),"0")) -> PENTAKALAN | Q71: =IF(TRIM(D71)="","",IFERROR(INDEX('Student Master'!L:L,MATCH(D71,'Student Master'!B:B,0)),"0")) -> 9951386052
A72: 71 | C72: 48 | D72: 4807 | E72: 11000 | G72: =IF(TRIM(D72)="","",IFERROR(INDEX('Student Master'!AB:AB,MATCH(D72,'Student Master'!B:B,0)),"0")) -> 15500 | H72: =IF(TRIM(D72)="","",IFERROR(INDEX('Student Master'!AG:AG,MATCH(D72,'Student Master'!B:B,0)),"0")) -> 8500 | I72: =IF(TRIM(D72)="","",IFERROR(INDEX('Student Master'!AH:AH,MATCH(D72,'Student Master'!B:B,0)),"0")) -> 7000 | J72: =IF(TRIM(D72)="","",IFERROR(INDEX('Student Master'!AI:AI,MATCH(D72,'Student Master'!B:B,0)),"0")) -> 0 | K72: =IF(TRIM(D72)="","",E72/G72) -> 0.70967742 | M72: =IF(TRIM(D72)="","",IFERROR(INDEX('Student Master'!C:C,MATCH(D72,'Student Master'!B:B,0)),"0")) -> B.VISHNU | N72: =IF(TRIM(D72)="","",IFERROR(INDEX('Student Master'!D:D,MATCH(D72,'Student Master'!B:B,0)),"0")) -> L - AS | O72: =IF(TRIM(D72)="","",IFERROR(INDEX('Student Master'!H:H,MATCH(D72,'Student Master'!B:B,0)),"0")) -> BABA BOYI | P72: =IF(TRIM(D72)="","",IFERROR(INDEX('Student Master'!N:N,MATCH(D72,'Student Master'!B:B,0)),"0")) -> Pegadapally | Q72: =IF(TRIM(D72)="","",IFERROR(INDEX('Student Master'!L:L,MATCH(D72,'Student Master'!B:B,0)),"0")) -> 9010288479
A73: 72 | C73: 49 | D73: 3693 | E73: 38000 | G73: =IF(TRIM(D73)="","",IFERROR(INDEX('Student Master'!AB:AB,MATCH(D73,'Student Master'!B:B,0)),"0")) -> 47000 | H73: =IF(TRIM(D73)="","",IFERROR(INDEX('Student Master'!AG:AG,MATCH(D73,'Student Master'!B:B,0)),"0")) -> 25000 | I73: =IF(TRIM(D73)="","",IFERROR(INDEX('Student Master'!AH:AH,MATCH(D73,'Student Master'!B:B,0)),"0")) -> 0 | J73: =IF(TRIM(D73)="","",IFERROR(INDEX('Student Master'!AI:AI,MATCH(D73,'Student Master'!B:B,0)),"0")) -> 22000 | K73: =IF(TRIM(D73)="","",E73/G73) -> 0.80851064 | M73: =IF(TRIM(D73)="","",IFERROR(INDEX('Student Master'!C:C,MATCH(D73,'Student Master'!B:B,0)),"0")) -> M. THARUN | N73: =IF(TRIM(D73)="","",IFERROR(INDEX('Student Master'!D:D,MATCH(D73,'Student Master'!B:B,0)),"0")) -> 10 - AS | O73: =IF(TRIM(D73)="","",IFERROR(INDEX('Student Master'!H:H,MATCH(D73,'Student Master'!B:B,0)),"0")) -> SURENDAR | P73: =IF(TRIM(D73)="","",IFERROR(INDEX('Student Master'!N:N,MATCH(D73,'Student Master'!B:B,0)),"0")) -> SOMARAM THANDA | Q73: =IF(TRIM(D73)="","",IFERROR(INDEX('Student Master'!L:L,MATCH(D73,'Student Master'!B:B,0)),"0")) -> 9492247409
A74: 73 | C74: 50 | D74: 4603 | E74: 17000 | G74: =IF(TRIM(D74)="","",IFERROR(INDEX('Student Master'!AB:AB,MATCH(D74,'Student Master'!B:B,0)),"0")) -> 22000 | H74: =IF(TRIM(D74)="","",IFERROR(INDEX('Student Master'!AG:AG,MATCH(D74,'Student Master'!B:B,0)),"0")) -> 15000 | I74: =IF(TRIM(D74)="","",IFERROR(INDEX('Student Master'!AH:AH,MATCH(D74,'Student Master'!B:B,0)),"0")) -> 7000 | J74: =IF(TRIM(D74)="","",IFERROR(INDEX('Student Master'!AI:AI,MATCH(D74,'Student Master'!B:B,0)),"0")) -> 0 | K74: =IF(TRIM(D74)="","",E74/G74) -> 0.77272727 | M74: =IF(TRIM(D74)="","",IFERROR(INDEX('Student Master'!C:C,MATCH(D74,'Student Master'!B:B,0)),"0")) -> CH.DHANUSH | N74: =IF(TRIM(D74)="","",IFERROR(INDEX('Student Master'!D:D,MATCH(D74,'Student Master'!B:B,0)),"0")) -> 6 - AM | O74: =IF(TRIM(D74)="","",IFERROR(INDEX('Student Master'!H:H,MATCH(D74,'Student Master'!B:B,0)),"0")) -> CH.SURESH | P74: =IF(TRIM(D74)="","",IFERROR(INDEX('Student Master'!N:N,MATCH(D74,'Student Master'!B:B,0)),"0")) -> Kaldurki | Q74: =IF(TRIM(D74)="","",IFERROR(INDEX('Student Master'!L:L,MATCH(D74,'Student Master'!B:B,0)),"0")) -> 8184874613
A75: 74 | C75: 51 | D75: 4636 | E75: 7100 | G75: =IF(TRIM(D75)="","",IFERROR(INDEX('Student Master'!AB:AB,MATCH(D75,'Student Master'!B:B,0)),"0")) -> 9000 | H75: =IF(TRIM(D75)="","",IFERROR(INDEX('Student Master'!AG:AG,MATCH(D75,'Student Master'!B:B,0)),"0")) -> 9000 | I75: =IF(TRIM(D75)="","",IFERROR(INDEX('Student Master'!AH:AH,MATCH(D75,'Student Master'!B:B,0)),"0")) -> 0 | J75: =IF(TRIM(D75)="","",IFERROR(INDEX('Student Master'!AI:AI,MATCH(D75,'Student Master'!B:B,0)),"0")) -> 0 | K75: =IF(TRIM(D75)="","",E75/G75) -> 0.78888889 | M75: =IF(TRIM(D75)="","",IFERROR(INDEX('Student Master'!C:C,MATCH(D75,'Student Master'!B:B,0)),"0")) -> BARIRA MALIHA | N75: =IF(TRIM(D75)="","",IFERROR(INDEX('Student Master'!D:D,MATCH(D75,'Student Master'!B:B,0)),"0")) -> U - BM | O75: =IF(TRIM(D75)="","",IFERROR(INDEX('Student Master'!H:H,MATCH(D75,'Student Master'!B:B,0)),"0")) -> MD.YOUNUS | P75: =IF(TRIM(D75)="","",IFERROR(INDEX('Student Master'!N:N,MATCH(D75,'Student Master'!B:B,0)),"0")) -> Sharbathi Canal | Q75: =IF(TRIM(D75)="","",IFERROR(INDEX('Student Master'!L:L,MATCH(D75,'Student Master'!B:B,0)),"0")) -> 9010902774
A76: 75 | C76: 51 | D76: 4845 | E76: 6700 | G76: =IF(TRIM(D76)="","",IFERROR(INDEX('Student Master'!AB:AB,MATCH(D76,'Student Master'!B:B,0)),"0")) -> 8500 | H76: =IF(TRIM(D76)="","",IFERROR(INDEX('Student Master'!AG:AG,MATCH(D76,'Student Master'!B:B,0)),"0")) -> 8500 | I76: =IF(TRIM(D76)="","",IFERROR(INDEX('Student Master'!AH:AH,MATCH(D76,'Student Master'!B:B,0)),"0")) -> 0 | J76: =IF(TRIM(D76)="","",IFERROR(INDEX('Student Master'!AI:AI,MATCH(D76,'Student Master'!B:B,0)),"0")) -> 0 | K76: =IF(TRIM(D76)="","",E76/G76) -> 0.78823529 | M76: =IF(TRIM(D76)="","",IFERROR(INDEX('Student Master'!C:C,MATCH(D76,'Student Master'!B:B,0)),"0")) -> MIRZA IMAM BAIG | N76: =IF(TRIM(D76)="","",IFERROR(INDEX('Student Master'!D:D,MATCH(D76,'Student Master'!B:B,0)),"0")) -> L - AM | O76: =IF(TRIM(D76)="","",IFERROR(INDEX('Student Master'!H:H,MATCH(D76,'Student Master'!B:B,0)),"0")) -> FAIQUE BAIG | P76: =IF(TRIM(D76)="","",IFERROR(INDEX('Student Master'!N:N,MATCH(D76,'Student Master'!B:B,0)),"0")) -> Sharbathi Canal | Q76: =IF(TRIM(D76)="","",IFERROR(INDEX('Student Master'!L:L,MATCH(D76,'Student Master'!B:B,0)),"0")) -> 855959587
A77: 76 | C77: 51 | D77: 4814 | E77: 6700 | G77: =IF(TRIM(D77)="","",IFERROR(INDEX('Student Master'!AB:AB,MATCH(D77,'Student Master'!B:B,0)),"0")) -> 8500 | H77: =IF(TRIM(D77)="","",IFERROR(INDEX('Student Master'!AG:AG,MATCH(D77,'Student Master'!B:B,0)),"0")) -> 8500 | I77: =IF(TRIM(D77)="","",IFERROR(INDEX('Student Master'!AH:AH,MATCH(D77,'Student Master'!B:B,0)),"0")) -> 0 | J77: =IF(TRIM(D77)="","",IFERROR(INDEX('Student Master'!AI:AI,MATCH(D77,'Student Master'!B:B,0)),"0")) -> 0 | K77: =IF(TRIM(D77)="","",E77/G77) -> 0.78823529 | M77: =IF(TRIM(D77)="","",IFERROR(INDEX('Student Master'!C:C,MATCH(D77,'Student Master'!B:B,0)),"0")) -> KhadijaTulkubra | N77: =IF(TRIM(D77)="","",IFERROR(INDEX('Student Master'!D:D,MATCH(D77,'Student Master'!B:B,0)),"0")) -> L - BM | O77: =IF(TRIM(D77)="","",IFERROR(INDEX('Student Master'!H:H,MATCH(D77,'Student Master'!B:B,0)),"0")) -> Mirza Safiullah Baig | P77: =IF(TRIM(D77)="","",IFERROR(INDEX('Student Master'!N:N,MATCH(D77,'Student Master'!B:B,0)),"0")) -> Sharbathi Canal | Q77: =IF(TRIM(D77)="","",IFERROR(INDEX('Student Master'!L:L,MATCH(D77,'Student Master'!B:B,0)),"0")) -> 9441351553
A78: 77 | C78: 52 | D78: 4815 | E78: 14000 | G78: =IF(TRIM(D78)="","",IFERROR(INDEX('Student Master'!AB:AB,MATCH(D78,'Student Master'!B:B,0)),"0")) -> 17500 | H78: =IF(TRIM(D78)="","",IFERROR(INDEX('Student Master'!AG:AG,MATCH(D78,'Student Master'!B:B,0)),"0")) -> 12500 | I78: =IF(TRIM(D78)="","",IFERROR(INDEX('Student Master'!AH:AH,MATCH(D78,'Student Master'!B:B,0)),"0")) -> 5000 | J78: =IF(TRIM(D78)="","",IFERROR(INDEX('Student Master'!AI:AI,MATCH(D78,'Student Master'!B:B,0)),"0")) -> 0 | K78: =IF(TRIM(D78)="","",E78/G78) -> 0.8 | M78: =IF(TRIM(D78)="","",IFERROR(INDEX('Student Master'!C:C,MATCH(D78,'Student Master'!B:B,0)),"0")) -> Y.PRADEEP | N78: =IF(TRIM(D78)="","",IFERROR(INDEX('Student Master'!D:D,MATCH(D78,'Student Master'!B:B,0)),"0")) -> 5 - AM | O78: =IF(TRIM(D78)="","",IFERROR(INDEX('Student Master'!H:H,MATCH(D78,'Student Master'!B:B,0)),"0")) -> Y. RAJU | P78: =IF(TRIM(D78)="","",IFERROR(INDEX('Student Master'!N:N,MATCH(D78,'Student Master'!B:B,0)),"0")) -> Brahmanpally | Q78: =IF(TRIM(D78)="","",IFERROR(INDEX('Student Master'!L:L,MATCH(D78,'Student Master'!B:B,0)),"0")) -> 9573889031
A79: 78 | C79: 53 | D79: 4816 | E79: 17500 | G79: =IF(TRIM(D79)="","",IFERROR(INDEX('Student Master'!AB:AB,MATCH(D79,'Student Master'!B:B,0)),"0")) -> 24000 | H79: =IF(TRIM(D79)="","",IFERROR(INDEX('Student Master'!AG:AG,MATCH(D79,'Student Master'!B:B,0)),"0")) -> 16000 | I79: =IF(TRIM(D79)="","",IFERROR(INDEX('Student Master'!AH:AH,MATCH(D79,'Student Master'!B:B,0)),"0")) -> 8000 | J79: =IF(TRIM(D79)="","",IFERROR(INDEX('Student Master'!AI:AI,MATCH(D79,'Student Master'!B:B,0)),"0")) -> 0 | K79: =IF(TRIM(D79)="","",E79/G79) -> 0.72916667 | M79: =IF(TRIM(D79)="","",IFERROR(INDEX('Student Master'!C:C,MATCH(D79,'Student Master'!B:B,0)),"0")) -> B.HARIKA | N79: =IF(TRIM(D79)="","",IFERROR(INDEX('Student Master'!D:D,MATCH(D79,'Student Master'!B:B,0)),"0")) -> 7 - AM | O79: =IF(TRIM(D79)="","",IFERROR(INDEX('Student Master'!H:H,MATCH(D79,'Student Master'!B:B,0)),"0")) -> B. SAI | P79: =IF(TRIM(D79)="","",IFERROR(INDEX('Student Master'!N:N,MATCH(D79,'Student Master'!B:B,0)),"0")) -> Renjal | Q79: =IF(TRIM(D79)="","",IFERROR(INDEX('Student Master'!L:L,MATCH(D79,'Student Master'!B:B,0)),"0")) -> 9951212303
A80: 79 | C80: 54 | D80: 2295 | E80: 19000 | G80: =IF(TRIM(D80)="","",IFERROR(INDEX('Student Master'!AB:AB,MATCH(D80,'Student Master'!B:B,0)),"0")) -> 25000 | H80: =IF(TRIM(D80)="","",IFERROR(INDEX('Student Master'!AG:AG,MATCH(D80,'Student Master'!B:B,0)),"0")) -> 25000 | I80: =IF(TRIM(D80)="","",IFERROR(INDEX('Student Master'!AH:AH,MATCH(D80,'Student Master'!B:B,0)),"0")) -> 0 | J80: =IF(TRIM(D80)="","",IFERROR(INDEX('Student Master'!AI:AI,MATCH(D80,'Student Master'!B:B,0)),"0")) -> 0 | K80: =IF(TRIM(D80)="","",E80/G80) -> 0.76 | M80: =IF(TRIM(D80)="","",IFERROR(INDEX('Student Master'!C:C,MATCH(D80,'Student Master'!B:B,0)),"0")) -> S. DHANUSH KUMAR | N80: =IF(TRIM(D80)="","",IFERROR(INDEX('Student Master'!D:D,MATCH(D80,'Student Master'!B:B,0)),"0")) -> 10 - AS | O80: =IF(TRIM(D80)="","",IFERROR(INDEX('Student Master'!H:H,MATCH(D80,'Student Master'!B:B,0)),"0")) -> S. KRUSHNA | P80: =IF(TRIM(D80)="","",IFERROR(INDEX('Student Master'!N:N,MATCH(D80,'Student Master'!B:B,0)),"0")) -> PANTA CAMP | Q80: =IF(TRIM(D80)="","",IFERROR(INDEX('Student Master'!L:L,MATCH(D80,'Student Master'!B:B,0)),"0")) -> 9640924346
A81: 80 | C81: 54 | D81: 2495 | E81: 15000 | G81: =IF(TRIM(D81)="","",IFERROR(INDEX('Student Master'!AB:AB,MATCH(D81,'Student Master'!B:B,0)),"0")) -> 27000 | H81: =IF(TRIM(D81)="","",IFERROR(INDEX('Student Master'!AG:AG,MATCH(D81,'Student Master'!B:B,0)),"0")) -> 20000 | I81: =IF(TRIM(D81)="","",IFERROR(INDEX('Student Master'!AH:AH,MATCH(D81,'Student Master'!B:B,0)),"0")) -> 7000 | J81: =IF(TRIM(D81)="","",IFERROR(INDEX('Student Master'!AI:AI,MATCH(D81,'Student Master'!B:B,0)),"0")) -> 0 | K81: =IF(TRIM(D81)="","",E81/G81) -> 0.55555556 | M81: =IF(TRIM(D81)="","",IFERROR(INDEX('Student Master'!C:C,MATCH(D81,'Student Master'!B:B,0)),"0")) -> S. LAXMAN KUMAR | N81: =IF(TRIM(D81)="","",IFERROR(INDEX('Student Master'!D:D,MATCH(D81,'Student Master'!B:B,0)),"0")) -> 9 - AM | O81: =IF(TRIM(D81)="","",IFERROR(INDEX('Student Master'!H:H,MATCH(D81,'Student Master'!B:B,0)),"0")) -> S. KRUSHNA | P81: =IF(TRIM(D81)="","",IFERROR(INDEX('Student Master'!N:N,MATCH(D81,'Student Master'!B:B,0)),"0")) -> PANTA CAMP | Q81: =IF(TRIM(D81)="","",IFERROR(INDEX('Student Master'!L:L,MATCH(D81,'Student Master'!B:B,0)),"0")) -> 9640924346
A82: 81 | C82: 55 | D82: 3733 | E82: 12500 | G82: =IF(TRIM(D82)="","",IFERROR(INDEX('Student Master'!AB:AB,MATCH(D82,'Student Master'!B:B,0)),"0")) -> 18500 | H82: =IF(TRIM(D82)="","",IFERROR(INDEX('Student Master'!AG:AG,MATCH(D82,'Student Master'!B:B,0)),"0")) -> 11500 | I82: =IF(TRIM(D82)="","",IFERROR(INDEX('Student Master'!AH:AH,MATCH(D82,'Student Master'!B:B,0)),"0")) -> 7000 | J82: =IF(TRIM(D82)="","",IFERROR(INDEX('Student Master'!AI:AI,MATCH(D82,'Student Master'!B:B,0)),"0")) -> 0 | K82: =IF(TRIM(D82)="","",E82/G82) -> 0.67567568 | M82: =IF(TRIM(D82)="","",IFERROR(INDEX('Student Master'!C:C,MATCH(D82,'Student Master'!B:B,0)),"0")) -> D. AKHILESH | N82: =IF(TRIM(D82)="","",IFERROR(INDEX('Student Master'!D:D,MATCH(D82,'Student Master'!B:B,0)),"0")) -> 4 - AM | O82: =IF(TRIM(D82)="","",IFERROR(INDEX('Student Master'!H:H,MATCH(D82,'Student Master'!B:B,0)),"0")) -> NARENDER | P82: =IF(TRIM(D82)="","",IFERROR(INDEX('Student Master'!N:N,MATCH(D82,'Student Master'!B:B,0)),"0")) -> YEDAPALLY | Q82: =IF(TRIM(D82)="","",IFERROR(INDEX('Student Master'!L:L,MATCH(D82,'Student Master'!B:B,0)),"0")) -> 9010191358
... A98: 97 | C98: 66 | D98: 4387 | E98: 14500 | G98: =IF(TRIM(D98)="","",IFERROR(INDEX('Student Master'!AB:AB,MATCH(D98,'Student Master'!B:B,0)),"0")) -> 19000 | H98: =IF(TRIM(D98)="","",IFERROR(INDEX('Student Master'!AG:AG,MATCH(D98,'Student Master'!B:B,0)),"0")) -> 11500 | I98: =IF(TRIM(D98)="","",IFERROR(INDEX('Student Master'!AH:AH,MATCH(D98,'Student Master'!B:B,0)),"0")) -> 7500 | J98: =IF(TRIM(D98)="","",IFERROR(INDEX('Student Master'!AI:AI,MATCH(D98,'Student Master'!B:B,0)),"0")) -> 0 | K98: =IF(TRIM(D98)="","",E98/G98) -> 0.76315789 | M98: =IF(TRIM(D98)="","",IFERROR(INDEX('Student Master'!C:C,MATCH(D98,'Student Master'!B:B,0)),"0")) -> P. RESHWAK | N98: =IF(TRIM(D98)="","",IFERROR(INDEX('Student Master'!D:D,MATCH(D98,'Student Master'!B:B,0)),"0")) -> 4 - AM | O98: =IF(TRIM(D98)="","",IFERROR(INDEX('Student Master'!H:H,MATCH(D98,'Student Master'!B:B,0)),"0")) -> RAJ KUMAR | P98: =IF(TRIM(D98)="","",IFERROR(INDEX('Student Master'!N:N,MATCH(D98,'Student Master'!B:B,0)),"0")) -> JAITHAPUR | Q98: =IF(TRIM(D98)="","",IFERROR(INDEX('Student Master'!L:L,MATCH(D98,'Student Master'!B:B,0)),"0")) -> 8919735224
A99: 98 | C99: 66 | D99: P730 | E99: 14000 | G99: =IF(TRIM(D99)="","",IFERROR(INDEX('Student Master'!AB:AB,MATCH(D99,'Student Master'!B:B,0)),"0")) -> 18000 | H99: =IF(TRIM(D99)="","",IFERROR(INDEX('Student Master'!AG:AG,MATCH(D99,'Student Master'!B:B,0)),"0")) -> 10500 | I99: =IF(TRIM(D99)="","",IFERROR(INDEX('Student Master'!AH:AH,MATCH(D99,'Student Master'!B:B,0)),"0")) -> 7500 | J99: =IF(TRIM(D99)="","",IFERROR(INDEX('Student Master'!AI:AI,MATCH(D99,'Student Master'!B:B,0)),"0")) -> 0 | K99: =IF(TRIM(D99)="","",E99/G99) -> 0.77777778 | M99: =IF(TRIM(D99)="","",IFERROR(INDEX('Student Master'!C:C,MATCH(D99,'Student Master'!B:B,0)),"0")) -> K. LASYA | N99: =IF(TRIM(D99)="","",IFERROR(INDEX('Student Master'!D:D,MATCH(D99,'Student Master'!B:B,0)),"0")) -> 3 - BM | O99: =IF(TRIM(D99)="","",IFERROR(INDEX('Student Master'!H:H,MATCH(D99,'Student Master'!B:B,0)),"0")) -> K. GANGARAJU | P99: =IF(TRIM(D99)="","",IFERROR(INDEX('Student Master'!N:N,MATCH(D99,'Student Master'!B:B,0)),"0")) -> JAITHAPUR | Q99: =IF(TRIM(D99)="","",IFERROR(INDEX('Student Master'!L:L,MATCH(D99,'Student Master'!B:B,0)),"0")) -> 9502751081
A100: 99 | C100: 66 | D100: 4715 | E100: 14000 | G100: =IF(TRIM(D100)="","",IFERROR(INDEX('Student Master'!AB:AB,MATCH(D100,'Student Master'!B:B,0)),"0")) -> 18000 | H100: =IF(TRIM(D100)="","",IFERROR(INDEX('Student Master'!AG:AG,MATCH(D100,'Student Master'!B:B,0)),"0")) -> 10500 | I100: =IF(TRIM(D100)="","",IFERROR(INDEX('Student Master'!AH:AH,MATCH(D100,'Student Master'!B:B,0)),"0")) -> 7500 | J100: =IF(TRIM(D100)="","",IFERROR(INDEX('Student Master'!AI:AI,MATCH(D100,'Student Master'!B:B,0)),"0")) -> 0 | K100: =IF(TRIM(D100)="","",E100/G100) -> 0.77777778 | M100: =IF(TRIM(D100)="","",IFERROR(INDEX('Student Master'!C:C,MATCH(D100,'Student Master'!B:B,0)),"0")) -> S.SAKETH | N100: =IF(TRIM(D100)="","",IFERROR(INDEX('Student Master'!D:D,MATCH(D100,'Student Master'!B:B,0)),"0")) -> 3 - BM | O100: =IF(TRIM(D100)="","",IFERROR(INDEX('Student Master'!H:H,MATCH(D100,'Student Master'!B:B,0)),"0")) -> S.SUDARSHAN | P100: =IF(TRIM(D100)="","",IFERROR(INDEX('Student Master'!N:N,MATCH(D100,'Student Master'!B:B,0)),"0")) -> Jaithapur | Q100: =IF(TRIM(D100)="","",IFERROR(INDEX('Student Master'!L:L,MATCH(D100,'Student Master'!B:B,0)),"0")) -> 9908316002
A101: 100 | C101: 66 | D101: 4474 | E101: 12500 | G101: =IF(TRIM(D101)="","",IFERROR(INDEX('Student Master'!AB:AB,MATCH(D101,'Student Master'!B:B,0)),"0")) -> 16500 | H101: =IF(TRIM(D101)="","",IFERROR(INDEX('Student Master'!AG:AG,MATCH(D101,'Student Master'!B:B,0)),"0")) -> 9000 | I101: =IF(TRIM(D101)="","",IFERROR(INDEX('Student Master'!AH:AH,MATCH(D101,'Student Master'!B:B,0)),"0")) -> 7500 | J101: =IF(TRIM(D101)="","",IFERROR(INDEX('Student Master'!AI:AI,MATCH(D101,'Student Master'!B:B,0)),"0")) -> 0 | K101: =IF(TRIM(D101)="","",E101/G101) -> 0.75757576 | M101: =IF(TRIM(D101)="","",IFERROR(INDEX('Student Master'!C:C,MATCH(D101,'Student Master'!B:B,0)),"0")) -> K. GAGANDEEP | N101: =IF(TRIM(D101)="","",IFERROR(INDEX('Student Master'!D:D,MATCH(D101,'Student Master'!B:B,0)),"0")) -> U - AM | O101: =IF(TRIM(D101)="","",IFERROR(INDEX('Student Master'!H:H,MATCH(D101,'Student Master'!B:B,0)),"0")) -> GANGARAJU | P101: =IF(TRIM(D101)="","",IFERROR(INDEX('Student Master'!N:N,MATCH(D101,'Student Master'!B:B,0)),"0")) -> JAITHAPUR | Q101: =IF(TRIM(D101)="","",IFERROR(INDEX('Student Master'!L:L,MATCH(D101,'Student Master'!B:B,0)),"0")) -> 9502751081
A102: 101 | C102: 66 | D102: 4327 | E102: 13000 | G102: =IF(TRIM(D102)="","",IFERROR(INDEX('Student Master'!AB:AB,MATCH(D102,'Student Master'!B:B,0)),"0")) -> 17000 | H102: =IF(TRIM(D102)="","",IFERROR(INDEX('Student Master'!AG:AG,MATCH(D102,'Student Master'!B:B,0)),"0")) -> 9500 | I102: =IF(TRIM(D102)="","",IFERROR(INDEX('Student Master'!AH:AH,MATCH(D102,'Student Master'!B:B,0)),"0")) -> 7500 | J102: =IF(TRIM(D102)="","",IFERROR(INDEX('Student Master'!AI:AI,MATCH(D102,'Student Master'!B:B,0)),"0")) -> 0 | K102: =IF(TRIM(D102)="","",E102/G102) -> 0.76470588 | M102: =IF(TRIM(D102)="","",IFERROR(INDEX('Student Master'!C:C,MATCH(D102,'Student Master'!B:B,0)),"0")) -> CH. RANVEETHA | N102: =IF(TRIM(D102)="","",IFERROR(INDEX('Student Master'!D:D,MATCH(D102,'Student Master'!B:B,0)),"0")) -> 1 - AM | O102: =IF(TRIM(D102)="","",IFERROR(INDEX('Student Master'!H:H,MATCH(D102,'Student Master'!B:B,0)),"0")) -> RAJA SHEKAR | P102: =IF(TRIM(D102)="","",IFERROR(INDEX('Student Master'!N:N,MATCH(D102,'Student Master'!B:B,0)),"0")) -> JAITHAPUR | Q102: =IF(TRIM(D102)="","",IFERROR(INDEX('Student Master'!L:L,MATCH(D102,'Student Master'!B:B,0)),"0")) -> 8074297762
A103: 102 | C103: 66 | D103: P801 | E103: 14000 | G103: =IF(TRIM(D103)="","",IFERROR(INDEX('Student Master'!AB:AB,MATCH(D103,'Student Master'!B:B,0)),"0")) -> 18000 | H103: =IF(TRIM(D103)="","",IFERROR(INDEX('Student Master'!AG:AG,MATCH(D103,'Student Master'!B:B,0)),"0")) -> 10500 | I103: =IF(TRIM(D103)="","",IFERROR(INDEX('Student Master'!AH:AH,MATCH(D103,'Student Master'!B:B,0)),"0")) -> 7500 | J103: =IF(TRIM(D103)="","",IFERROR(INDEX('Student Master'!AI:AI,MATCH(D103,'Student Master'!B:B,0)),"0")) -> 0 | K103: =IF(TRIM(D103)="","",E103/G103) -> 0.77777778 | M103: =IF(TRIM(D103)="","",IFERROR(INDEX('Student Master'!C:C,MATCH(D103,'Student Master'!B:B,0)),"0")) -> CH. VARSHITHA | N103: =IF(TRIM(D103)="","",IFERROR(INDEX('Student Master'!D:D,MATCH(D103,'Student Master'!B:B,0)),"0")) -> 3 - BM | O103: =IF(TRIM(D103)="","",IFERROR(INDEX('Student Master'!H:H,MATCH(D103,'Student Master'!B:B,0)),"0")) -> CH. GANGA PRASAD | P103: =IF(TRIM(D103)="","",IFERROR(INDEX('Student Master'!N:N,MATCH(D103,'Student Master'!B:B,0)),"0")) -> JAITHAPUR | Q103: =IF(TRIM(D103)="","",IFERROR(INDEX('Student Master'!L:L,MATCH(D103,'Student Master'!B:B,0)),"0")) -> 9949714938
A104: 103 | C104: 66 | D104: 4812 | E104: 12500 | G104: =IF(TRIM(D104)="","",IFERROR(INDEX('Student Master'!AB:AB,MATCH(D104,'Student Master'!B:B,0)),"0")) -> 16500 | H104: =IF(TRIM(D104)="","",IFERROR(INDEX('Student Master'!AG:AG,MATCH(D104,'Student Master'!B:B,0)),"0")) -> 9000 | I104: =IF(TRIM(D104)="","",IFERROR(INDEX('Student Master'!AH:AH,MATCH(D104,'Student Master'!B:B,0)),"0")) -> 7500 | J104: =IF(TRIM(D104)="","",IFERROR(INDEX('Student Master'!AI:AI,MATCH(D104,'Student Master'!B:B,0)),"0")) -> 0 | K104: =IF(TRIM(D104)="","",E104/G104) -> 0.75757576 | M104: =IF(TRIM(D104)="","",IFERROR(INDEX('Student Master'!C:C,MATCH(D104,'Student Master'!B:B,0)),"0")) -> CH.DHILISHA | N104: =IF(TRIM(D104)="","",IFERROR(INDEX('Student Master'!D:D,MATCH(D104,'Student Master'!B:B,0)),"0")) -> U - AM | O104: =IF(TRIM(D104)="","",IFERROR(INDEX('Student Master'!H:H,MATCH(D104,'Student Master'!B:B,0)),"0")) -> GANGA PRASAD | P104: =IF(TRIM(D104)="","",IFERROR(INDEX('Student Master'!N:N,MATCH(D104,'Student Master'!B:B,0)),"0")) -> Jaithapur | Q104: =IF(TRIM(D104)="","",IFERROR(INDEX('Student Master'!L:L,MATCH(D104,'Student Master'!B:B,0)),"0")) -> 8096393585
A105: 104 | C105: 66 | D105: 4835 | E105: 15000 | G105: =IF(TRIM(D105)="","",IFERROR(INDEX('Student Master'!AB:AB,MATCH(D105,'Student Master'!B:B,0)),"0")) -> 20000 | H105: =IF(TRIM(D105)="","",IFERROR(INDEX('Student Master'!AG:AG,MATCH(D105,'Student Master'!B:B,0)),"0")) -> 12500 | I105: =IF(TRIM(D105)="","",IFERROR(INDEX('Student Master'!AH:AH,MATCH(D105,'Student Master'!B:B,0)),"0")) -> 7500 | J105: =IF(TRIM(D105)="","",IFERROR(INDEX('Student Master'!AI:AI,MATCH(D105,'Student Master'!B:B,0)),"0")) -> 0 | K105: =IF(TRIM(D105)="","",E105/G105) -> 0.75 | M105: =IF(TRIM(D105)="","",IFERROR(INDEX('Student Master'!C:C,MATCH(D105,'Student Master'!B:B,0)),"0")) -> S.SAITEJ | N105: =IF(TRIM(D105)="","",IFERROR(INDEX('Student Master'!D:D,MATCH(D105,'Student Master'!B:B,0)),"0")) -> 5 - AM | O105: =IF(TRIM(D105)="","",IFERROR(INDEX('Student Master'!H:H,MATCH(D105,'Student Master'!B:B,0)),"0")) -> S. SUDHARSHAN | P105: =IF(TRIM(D105)="","",IFERROR(INDEX('Student Master'!N:N,MATCH(D105,'Student Master'!B:B,0)),"0")) -> Jaithapur | Q105: =IF(TRIM(D105)="","",IFERROR(INDEX('Student Master'!L:L,MATCH(D105,'Student Master'!B:B,0)),"0")) -> 9908316002
A106: 105 | C106: 67 | D106: 3505 | E106: 16000 | G106: =IF(TRIM(D106)="","",IFERROR(INDEX('Student Master'!AB:AB,MATCH(D106,'Student Master'!B:B,0)),"0")) -> 19500 | H106: =IF(TRIM(D106)="","",IFERROR(INDEX('Student Master'!AG:AG,MATCH(D106,'Student Master'!B:B,0)),"0")) -> 12500 | I106: =IF(TRIM(D106)="","",IFERROR(INDEX('Student Master'!AH:AH,MATCH(D106,'Student Master'!B:B,0)),"0")) -> 7000 | J106: =IF(TRIM(D106)="","",IFERROR(INDEX('Student Master'!AI:AI,MATCH(D106,'Student Master'!B:B,0)),"0")) -> 0 | K106: =IF(TRIM(D106)="","",E106/G106) -> 0.82051282 | M106: =IF(TRIM(D106)="","",IFERROR(INDEX('Student Master'!C:C,MATCH(D106,'Student Master'!B:B,0)),"0")) -> K. SHIVA KUMAR GOUD | N106: =IF(TRIM(D106)="","",IFERROR(INDEX('Student Master'!D:D,MATCH(D106,'Student Master'!B:B,0)),"0")) -> 5 - AM | O106: =IF(TRIM(D106)="","",IFERROR(INDEX('Student Master'!H:H,MATCH(D106,'Student Master'!B:B,0)),"0")) -> SATISH GOUD | P106: =IF(TRIM(D106)="","",IFERROR(INDEX('Student Master'!N:N,MATCH(D106,'Student Master'!B:B,0)),"0")) -> YEDAPALLY | Q106: =IF(TRIM(D106)="","",IFERROR(INDEX('Student Master'!L:L,MATCH(D106,'Student Master'!B:B,0)),"0")) -> 9948829416
A107: 106 | C107: 68 | D107: 3603 | E107: 32000 | G107: =IF(TRIM(D107)="","",IFERROR(INDEX('Student Master'!AB:AB,MATCH(D107,'Student Master'!B:B,0)),"0")) -> 38000 | H107: =IF(TRIM(D107)="","",IFERROR(INDEX('Student Master'!AG:AG,MATCH(D107,'Student Master'!B:B,0)),"0")) -> 18000 | I107: =IF(TRIM(D107)="","",IFERROR(INDEX('Student Master'!AH:AH,MATCH(D107,'Student Master'!B:B,0)),"0")) -> 0 | J107: =IF(TRIM(D107)="","",IFERROR(INDEX('Student Master'!AI:AI,MATCH(D107,'Student Master'!B:B,0)),"0")) -> 20000 | K107: =IF(TRIM(D107)="","",E107/G107) -> 0.84210526 | M107: =IF(TRIM(D107)="","",IFERROR(INDEX('Student Master'!C:C,MATCH(D107,'Student Master'!B:B,0)),"0")) -> M. ASHOK | N107: =IF(TRIM(D107)="","",IFERROR(INDEX('Student Master'!D:D,MATCH(D107,'Student Master'!B:B,0)),"0")) -> 8 - AS | O107: =IF(TRIM(D107)="","",IFERROR(INDEX('Student Master'!H:H,MATCH(D107,'Student Master'!B:B,0)),"0")) -> SAI GONDA | P107: =IF(TRIM(D107)="","",IFERROR(INDEX('Student Master'!N:N,MATCH(D107,'Student Master'!B:B,0)),"0")) -> MOGHA, MADNOOR. | Q107: =IF(TRIM(D107)="","",IFERROR(INDEX('Student Master'!L:L,MATCH(D107,'Student Master'!B:B,0)),"0")) -> 9542461958
A108: 107 | C108: 69 | D108: 3753 | E108: 13000 | G108: =IF(TRIM(D108)="","",IFERROR(INDEX('Student Master'!AB:AB,MATCH(D108,'Student Master'!B:B,0)),"0")) -> 18500 | H108: =IF(TRIM(D108)="","",IFERROR(INDEX('Student Master'!AG:AG,MATCH(D108,'Student Master'!B:B,0)),"0")) -> 11500 | I108: =IF(TRIM(D108)="","",IFERROR(INDEX('Student Master'!AH:AH,MATCH(D108,'Student Master'!B:B,0)),"0")) -> 7000 | J108: =IF(TRIM(D108)="","",IFERROR(INDEX('Student Master'!AI:AI,MATCH(D108,'Student Master'!B:B,0)),"0")) -> 0 | K108: =IF(TRIM(D108)="","",E108/G108) -> 0.7027027 | M108: =IF(TRIM(D108)="","",IFERROR(INDEX('Student Master'!C:C,MATCH(D108,'Student Master'!B:B,0)),"0")) -> G. PRANUJA | N108: =IF(TRIM(D108)="","",IFERROR(INDEX('Student Master'!D:D,MATCH(D108,'Student Master'!B:B,0)),"0")) -> 4 - BM | O108: =IF(TRIM(D108)="","",IFERROR(INDEX('Student Master'!H:H,MATCH(D108,'Student Master'!B:B,0)),"0")) -> G. ABBAIAH | P108: =IF(TRIM(D108)="","",IFERROR(INDEX('Student Master'!N:N,MATCH(D108,'Student Master'!B:B,0)),"0")) -> YEDAPALLY | Q108: =IF(TRIM(D108)="","",IFERROR(INDEX('Student Master'!L:L,MATCH(D108,'Student Master'!B:B,0)),"0")) -> 9866828994
A109: 108 | C109: 70 | D109: 4251 | E109: 7000 | G109: =IF(TRIM(D109)="","",IFERROR(INDEX('Student Master'!AB:AB,MATCH(D109,'Student Master'!B:B,0)),"0")) -> 18000 | H109: =IF(TRIM(D109)="","",IFERROR(INDEX('Student Master'!AG:AG,MATCH(D109,'Student Master'!B:B,0)),"0")) -> 10000 | I109: =IF(TRIM(D109)="","",IFERROR(INDEX('Student Master'!AH:AH,MATCH(D109,'Student Master'!B:B,0)),"0")) -> 8000 | J109: =IF(TRIM(D109)="","",IFERROR(INDEX('Student Master'!AI:AI,MATCH(D109,'Student Master'!B:B,0)),"0")) -> 0 | K109: =IF(TRIM(D109)="","",E109/G109) -> 0.38888889 | M109: =IF(TRIM(D109)="","",IFERROR(INDEX('Student Master'!C:C,MATCH(D109,'Student Master'!B:B,0)),"0")) -> B. SATHWIK VARMA | N109: =IF(TRIM(D109)="","",IFERROR(INDEX('Student Master'!D:D,MATCH(D109,'Student Master'!B:B,0)),"0")) -> 2 - BM | O109: =IF(TRIM(D109)="","",IFERROR(INDEX('Student Master'!H:H,MATCH(D109,'Student Master'!B:B,0)),"0")) -> B. SAILU | P109: =IF(TRIM(D109)="","",IFERROR(INDEX('Student Master'!N:N,MATCH(D109,'Student Master'!B:B,0)),"0")) -> RENJAL | Q109: =IF(TRIM(D109)="","",IFERROR(INDEX('Student Master'!L:L,MATCH(D109,'Student Master'!B:B,0)),"0")) -> 7286941151
A110: 109 | C110: 71 | D110: 4611 | E110: 7500 | G110: =IF(TRIM(D110)="","",IFERROR(INDEX('Student Master'!AB:AB,MATCH(D110,'Student Master'!B:B,0)),"0")) -> 8500 | H110: =IF(TRIM(D110)="","",IFERROR(INDEX('Student Master'!AG:AG,MATCH(D110,'Student Master'!B:B,0)),"0")) -> 8500 | I110: =IF(TRIM(D110)="","",IFERROR(INDEX('Student Master'!AH:AH,MATCH(D110,'Student Master'!B:B,0)),"0")) -> 0 | J110: =IF(TRIM(D110)="","",IFERROR(INDEX('Student Master'!AI:AI,MATCH(D110,'Student Master'!B:B,0)),"0")) -> 0 | K110: =IF(TRIM(D110)="","",E110/G110) -> 0.88235294 | M110: =IF(TRIM(D110)="","",IFERROR(INDEX('Student Master'!C:C,MATCH(D110,'Student Master'!B:B,0)),"0")) -> Mahammad Pasha | N110: =IF(TRIM(D110)="","",IFERROR(INDEX('Student Master'!D:D,MATCH(D110,'Student Master'!B:B,0)),"0")) -> L - BM | O110: =IF(TRIM(D110)="","",IFERROR(INDEX('Student Master'!H:H,MATCH(D110,'Student Master'!B:B,0)),"0")) -> Arif | P110: =IF(TRIM(D110)="","",IFERROR(INDEX('Student Master'!N:N,MATCH(D110,'Student Master'!B:B,0)),"0")) -> Goshala Road | Q110: =IF(TRIM(D110)="","",IFERROR(INDEX('Student Master'!L:L,MATCH(D110,'Student Master'!B:B,0)),"0")) -> 9652101758
A111: 110 | C111: 72 | D111: 4410 | E111: 10000 | G111: =IF(TRIM(D111)="","",IFERROR(INDEX('Student Master'!AB:AB,MATCH(D111,'Student Master'!B:B,0)),"0")) -> 15500 | H111: =IF(TRIM(D111)="","",IFERROR(INDEX('Student Master'!AG:AG,MATCH(D111,'Student Master'!B:B,0)),"0")) -> 8500 | I111: =IF(TRIM(D111)="","",IFERROR(INDEX('Student Master'!AH:AH,MATCH(D111,'Student Master'!B:B,0)),"0")) -> 7000 | J111: =IF(TRIM(D111)="","",IFERROR(INDEX('Student Master'!AI:AI,MATCH(D111,'Student Master'!B:B,0)),"0")) -> 0 | K111: =IF(TRIM(D111)="","",E111/G111) -> 0.64516129 | M111: =IF(TRIM(D111)="","",IFERROR(INDEX('Student Master'!C:C,MATCH(D111,'Student Master'!B:B,0)),"0")) -> M. SAI RISHI GOUD | N111: =IF(TRIM(D111)="","",IFERROR(INDEX('Student Master'!D:D,MATCH(D111,'Student Master'!B:B,0)),"0")) -> L - BM | O111: =IF(TRIM(D111)="","",IFERROR(INDEX('Student Master'!H:H,MATCH(D111,'Student Master'!B:B,0)),"0")) -> NAVEEN GOUD | P111: =IF(TRIM(D111)="","",IFERROR(INDEX('Student Master'!N:N,MATCH(D111,'Student Master'!B:B,0)),"0")) -> PANTAKHURD OLD | Q111: =IF(TRIM(D111)="","",IFERROR(INDEX('Student Master'!L:L,MATCH(D111,'Student Master'!B:B,0)),"0")) -> 9550057966
A112: 111 | C112: 72 | D112: 4172 | E112: 12000 | G112: =IF(TRIM(D112)="","",IFERROR(INDEX('Student Master'!AB:AB,MATCH(D112,'Student Master'!B:B,0)),"0")) -> 17000 | H112: =IF(TRIM(D112)="","",IFERROR(INDEX('Student Master'!AG:AG,MATCH(D112,'Student Master'!B:B,0)),"0")) -> 10000 | I112: =IF(TRIM(D112)="","",IFERROR(INDEX('Student Master'!AH:AH,MATCH(D112,'Student Master'!B:B,0)),"0")) -> 7000 | J112: =IF(TRIM(D112)="","",IFERROR(INDEX('Student Master'!AI:AI,MATCH(D112,'Student Master'!B:B,0)),"0")) -> 0 | K112: =IF(TRIM(D112)="","",E112/G112) -> 0.70588235 | M112: =IF(TRIM(D112)="","",IFERROR(INDEX('Student Master'!C:C,MATCH(D112,'Student Master'!B:B,0)),"0")) -> M. SAHASRA | N112: =IF(TRIM(D112)="","",IFERROR(INDEX('Student Master'!D:D,MATCH(D112,'Student Master'!B:B,0)),"0")) -> 2 - AM | O112: =IF(TRIM(D112)="","",IFERROR(INDEX('Student Master'!H:H,MATCH(D112,'Student Master'!B:B,0)),"0")) -> M. NAVEEN GOUD | P112: =IF(TRIM(D112)="","",IFERROR(INDEX('Student Master'!N:N,MATCH(D112,'Student Master'!B:B,0)),"0")) -> PANTAKHURD OLD | Q112: =IF(TRIM(D112)="","",IFERROR(INDEX('Student Master'!L:L,MATCH(D112,'Student Master'!B:B,0)),"0")) -> 9550057966
A113: 112 | C113: 73 | D113: 4409 | E113: 12000 | G113: =IF(TRIM(D113)="","",IFERROR(INDEX('Student Master'!AB:AB,MATCH(D113,'Student Master'!B:B,0)),"0")) -> 16500 | H113: =IF(TRIM(D113)="","",IFERROR(INDEX('Student Master'!AG:AG,MATCH(D113,'Student Master'!B:B,0)),"0")) -> 9500 | I113: =IF(TRIM(D113)="","",IFERROR(INDEX('Student Master'!AH:AH,MATCH(D113,'Student Master'!B:B,0)),"0")) -> 7000 | J113: =IF(TRIM(D113)="","",IFERROR(INDEX('Student Master'!AI:AI,MATCH(D113,'Student Master'!B:B,0)),"0")) -> 0 | K113: =IF(TRIM(D113)="","",E113/G113) -> 0.72727273 | M113: =IF(TRIM(D113)="","",IFERROR(INDEX('Student Master'!C:C,MATCH(D113,'Student Master'!B:B,0)),"0")) -> S. SHARANYA | N113: =IF(TRIM(D113)="","",IFERROR(INDEX('Student Master'!D:D,MATCH(D113,'Student Master'!B:B,0)),"0")) -> 1 - AM | O113: =IF(TRIM(D113)="","",IFERROR(INDEX('Student Master'!H:H,MATCH(D113,'Student Master'!B:B,0)),"0")) -> GANGADHAR CHARI | P113: =IF(TRIM(D113)="","",IFERROR(INDEX('Student Master'!N:N,MATCH(D113,'Student Master'!B:B,0)),"0")) -> PANTAKHURD OLD | Q113: =IF(TRIM(D113)="","",IFERROR(INDEX('Student Master'!L:L,MATCH(D113,'Student Master'!B:B,0)),"0")) -> 9963163871
A114: 113 | C114: 73 | D114: 4077 | E114: 13500 | G114: =IF(TRIM(D114)="","",IFERROR(INDEX('Student Master'!AB:AB,MATCH(D114,'Student Master'!B:B,0)),"0")) -> 17500 | H114: =IF(TRIM(D114)="","",IFERROR(INDEX('Student Master'!AG:AG,MATCH(D114,'Student Master'!B:B,0)),"0")) -> 10500 | I114: =IF(TRIM(D114)="","",IFERROR(INDEX('Student Master'!AH:AH,MATCH(D114,'Student Master'!B:B,0)),"0")) -> 7000 | J114: =IF(TRIM(D114)="","",IFERROR(INDEX('Student Master'!AI:AI,MATCH(D114,'Student Master'!B:B,0)),"0")) -> 0 | K114: =IF(TRIM(D114)="","",E114/G114) -> 0.77142857 | M114: =IF(TRIM(D114)="","",IFERROR(INDEX('Student Master'!C:C,MATCH(D114,'Student Master'!B:B,0)),"0")) -> S. SHASHANTH CHARY | N114: =IF(TRIM(D114)="","",IFERROR(INDEX('Student Master'!D:D,MATCH(D114,'Student Master'!B:B,0)),"0")) -> 3 - AM | O114: =IF(TRIM(D114)="","",IFERROR(INDEX('Student Master'!H:H,MATCH(D114,'Student Master'!B:B,0)),"0")) -> S. GANGADHAR CHARI | P114: =IF(TRIM(D114)="","",IFERROR(INDEX('Student Master'!N:N,MATCH(D114,'Student Master'!B:B,0)),"0")) -> PANTAKHURD OLD | Q114: =IF(TRIM(D114)="","",IFERROR(INDEX('Student Master'!L:L,MATCH(D114,'Student Master'!B:B,0)),"0")) -> 9963163871
A115: 114 | C115: 74 | D115: 4824 | E115: 11000 | G115: =IF(TRIM(D115)="","",IFERROR(INDEX('Student Master'!AB:AB,MATCH(D115,'Student Master'!B:B,0)),"0")) -> 16500 | H115: =IF(TRIM(D115)="","",IFERROR(INDEX('Student Master'!AG:AG,MATCH(D115,'Student Master'!B:B,0)),"0")) -> 9500 | I115: =IF(TRIM(D115)="","",IFERROR(INDEX('Student Master'!AH:AH,MATCH(D115,'Student Master'!B:B,0)),"0")) -> 7000 | J115: =IF(TRIM(D115)="","",IFERROR(INDEX('Student Master'!AI:AI,MATCH(D115,'Student Master'!B:B,0)),"0")) -> 0 | K115: =IF(TRIM(D115)="","",E115/G115) -> 0.66666667 | M115: =IF(TRIM(D115)="","",IFERROR(INDEX('Student Master'!C:C,MATCH(D115,'Student Master'!B:B,0)),"0")) -> S. KRISHNA VENI | N115: =IF(TRIM(D115)="","",IFERROR(INDEX('Student Master'!D:D,MATCH(D115,'Student Master'!B:B,0)),"0")) -> 1 - BM | O115: =IF(TRIM(D115)="","",IFERROR(INDEX('Student Master'!H:H,MATCH(D115,'Student Master'!B:B,0)),"0")) -> S. NARESH | P115: =IF(TRIM(D115)="","",IFERROR(INDEX('Student Master'!N:N,MATCH(D115,'Student Master'!B:B,0)),"0")) -> Kaldurki | Q115: =IF(TRIM(D115)="","",IFERROR(INDEX('Student Master'!L:L,MATCH(D115,'Student Master'!B:B,0)),"0")) -> 6303352126
... A129: 128 | C129: 84 | D129: 4625 | E129: 8500 | G129: =IF(TRIM(D129)="","",IFERROR(INDEX('Student Master'!AB:AB,MATCH(D129,'Student Master'!B:B,0)),"0")) -> 14500 | H129: =IF(TRIM(D129)="","",IFERROR(INDEX('Student Master'!AG:AG,MATCH(D129,'Student Master'!B:B,0)),"0")) -> 7500 | I129: =IF(TRIM(D129)="","",IFERROR(INDEX('Student Master'!AH:AH,MATCH(D129,'Student Master'!B:B,0)),"0")) -> 7000 | J129: =IF(TRIM(D129)="","",IFERROR(INDEX('Student Master'!AI:AI,MATCH(D129,'Student Master'!B:B,0)),"0")) -> 0 | K129: =IF(TRIM(D129)="","",E129/G129) -> 0.5862069 | M129: =IF(TRIM(D129)="","",IFERROR(INDEX('Student Master'!C:C,MATCH(D129,'Student Master'!B:B,0)),"0")) -> B.Rishikesh | N129: =IF(TRIM(D129)="","",IFERROR(INDEX('Student Master'!D:D,MATCH(D129,'Student Master'!B:B,0)),"0")) -> N - AM | O129: =IF(TRIM(D129)="","",IFERROR(INDEX('Student Master'!H:H,MATCH(D129,'Student Master'!B:B,0)),"0")) -> Srinivas | P129: =IF(TRIM(D129)="","",IFERROR(INDEX('Student Master'!N:N,MATCH(D129,'Student Master'!B:B,0)),"0")) -> Kaldurki | Q129: =IF(TRIM(D129)="","",IFERROR(INDEX('Student Master'!L:L,MATCH(D129,'Student Master'!B:B,0)),"0")) -> 9014755782
A130: 129 | C130: 85 | D130: p780 | E130: 14000 | G130: =IF(TRIM(D130)="","",IFERROR(INDEX('Student Master'!AB:AB,MATCH(D130,'Student Master'!B:B,0)),"0")) -> 17000 | H130: =IF(TRIM(D130)="","",IFERROR(INDEX('Student Master'!AG:AG,MATCH(D130,'Student Master'!B:B,0)),"0")) -> 10000 | I130: =IF(TRIM(D130)="","",IFERROR(INDEX('Student Master'!AH:AH,MATCH(D130,'Student Master'!B:B,0)),"0")) -> 7000 | J130: =IF(TRIM(D130)="","",IFERROR(INDEX('Student Master'!AI:AI,MATCH(D130,'Student Master'!B:B,0)),"0")) -> 0 | K130: =IF(TRIM(D130)="","",E130/G130) -> 0.82352941 | M130: =IF(TRIM(D130)="","",IFERROR(INDEX('Student Master'!C:C,MATCH(D130,'Student Master'!B:B,0)),"0")) -> A. SAINATH | N130: =IF(TRIM(D130)="","",IFERROR(INDEX('Student Master'!D:D,MATCH(D130,'Student Master'!B:B,0)),"0")) -> 2 - AM | O130: =IF(TRIM(D130)="","",IFERROR(INDEX('Student Master'!H:H,MATCH(D130,'Student Master'!B:B,0)),"0")) -> A. RAMULU | P130: =IF(TRIM(D130)="","",IFERROR(INDEX('Student Master'!N:N,MATCH(D130,'Student Master'!B:B,0)),"0")) -> KALDURKI | Q130: =IF(TRIM(D130)="","",IFERROR(INDEX('Student Master'!L:L,MATCH(D130,'Student Master'!B:B,0)),"0")) -> 9676982984
A131: 130 | C131: 86 | D131: 4699 | E131: 14000 | G131: =IF(TRIM(D131)="","",IFERROR(INDEX('Student Master'!AB:AB,MATCH(D131,'Student Master'!B:B,0)),"0")) -> 18000 | H131: =IF(TRIM(D131)="","",IFERROR(INDEX('Student Master'!AG:AG,MATCH(D131,'Student Master'!B:B,0)),"0")) -> 10000 | I131: =IF(TRIM(D131)="","",IFERROR(INDEX('Student Master'!AH:AH,MATCH(D131,'Student Master'!B:B,0)),"0")) -> 8000 | J131: =IF(TRIM(D131)="","",IFERROR(INDEX('Student Master'!AI:AI,MATCH(D131,'Student Master'!B:B,0)),"0")) -> 0 | K131: =IF(TRIM(D131)="","",E131/G131) -> 0.77777778 | M131: =IF(TRIM(D131)="","",IFERROR(INDEX('Student Master'!C:C,MATCH(D131,'Student Master'!B:B,0)),"0")) -> M.VINAY | N131: =IF(TRIM(D131)="","",IFERROR(INDEX('Student Master'!D:D,MATCH(D131,'Student Master'!B:B,0)),"0")) -> 2 - BM | O131: =IF(TRIM(D131)="","",IFERROR(INDEX('Student Master'!H:H,MATCH(D131,'Student Master'!B:B,0)),"0")) -> LAXMAN | P131: =IF(TRIM(D131)="","",IFERROR(INDEX('Student Master'!N:N,MATCH(D131,'Student Master'!B:B,0)),"0")) -> Hangarga | Q131: =IF(TRIM(D131)="","",IFERROR(INDEX('Student Master'!L:L,MATCH(D131,'Student Master'!B:B,0)),"0")) -> 9391739054
A132: 131 | C132: 86 | D132: 4700 | E132: 13000 | G132: =IF(TRIM(D132)="","",IFERROR(INDEX('Student Master'!AB:AB,MATCH(D132,'Student Master'!B:B,0)),"0")) -> 17500 | H132: =IF(TRIM(D132)="","",IFERROR(INDEX('Student Master'!AG:AG,MATCH(D132,'Student Master'!B:B,0)),"0")) -> 9500 | I132: =IF(TRIM(D132)="","",IFERROR(INDEX('Student Master'!AH:AH,MATCH(D132,'Student Master'!B:B,0)),"0")) -> 8000 | J132: =IF(TRIM(D132)="","",IFERROR(INDEX('Student Master'!AI:AI,MATCH(D132,'Student Master'!B:B,0)),"0")) -> 0 | K132: =IF(TRIM(D132)="","",E132/G132) -> 0.74285714 | M132: =IF(TRIM(D132)="","",IFERROR(INDEX('Student Master'!C:C,MATCH(D132,'Student Master'!B:B,0)),"0")) -> M. PRANAY | N132: =IF(TRIM(D132)="","",IFERROR(INDEX('Student Master'!D:D,MATCH(D132,'Student Master'!B:B,0)),"0")) -> 1 - BM | O132: =IF(TRIM(D132)="","",IFERROR(INDEX('Student Master'!H:H,MATCH(D132,'Student Master'!B:B,0)),"0")) -> M. BUCHANNA | P132: =IF(TRIM(D132)="","",IFERROR(INDEX('Student Master'!N:N,MATCH(D132,'Student Master'!B:B,0)),"0")) -> Hangarga | Q132: =IF(TRIM(D132)="","",IFERROR(INDEX('Student Master'!L:L,MATCH(D132,'Student Master'!B:B,0)),"0")) -> 9391739054
A133: 132 | C133: 86 | D133: 4615 | E133: 13000 | G133: =IF(TRIM(D133)="","",IFERROR(INDEX('Student Master'!AB:AB,MATCH(D133,'Student Master'!B:B,0)),"0")) -> 17500 | H133: =IF(TRIM(D133)="","",IFERROR(INDEX('Student Master'!AG:AG,MATCH(D133,'Student Master'!B:B,0)),"0")) -> 9500 | I133: =IF(TRIM(D133)="","",IFERROR(INDEX('Student Master'!AH:AH,MATCH(D133,'Student Master'!B:B,0)),"0")) -> 8000 | J133: =IF(TRIM(D133)="","",IFERROR(INDEX('Student Master'!AI:AI,MATCH(D133,'Student Master'!B:B,0)),"0")) -> 0 | K133: =IF(TRIM(D133)="","",E133/G133) -> 0.74285714 | M133: =IF(TRIM(D133)="","",IFERROR(INDEX('Student Master'!C:C,MATCH(D133,'Student Master'!B:B,0)),"0")) -> M. SHASWIKA | N133: =IF(TRIM(D133)="","",IFERROR(INDEX('Student Master'!D:D,MATCH(D133,'Student Master'!B:B,0)),"0")) -> 1 - BM | O133: =IF(TRIM(D133)="","",IFERROR(INDEX('Student Master'!H:H,MATCH(D133,'Student Master'!B:B,0)),"0")) -> M. GANGADHAR | P133: =IF(TRIM(D133)="","",IFERROR(INDEX('Student Master'!N:N,MATCH(D133,'Student Master'!B:B,0)),"0")) -> Hangarga | Q133: =IF(TRIM(D133)="","",IFERROR(INDEX('Student Master'!L:L,MATCH(D133,'Student Master'!B:B,0)),"0")) -> 9553558741
A134: 133 | C134: 86 | D134: 4616 | E134: 12000 | G134: =IF(TRIM(D134)="","",IFERROR(INDEX('Student Master'!AB:AB,MATCH(D134,'Student Master'!B:B,0)),"0")) -> 16500 | H134: =IF(TRIM(D134)="","",IFERROR(INDEX('Student Master'!AG:AG,MATCH(D134,'Student Master'!B:B,0)),"0")) -> 8500 | I134: =IF(TRIM(D134)="","",IFERROR(INDEX('Student Master'!AH:AH,MATCH(D134,'Student Master'!B:B,0)),"0")) -> 8000 | J134: =IF(TRIM(D134)="","",IFERROR(INDEX('Student Master'!AI:AI,MATCH(D134,'Student Master'!B:B,0)),"0")) -> 0 | K134: =IF(TRIM(D134)="","",E134/G134) -> 0.72727273 | M134: =IF(TRIM(D134)="","",IFERROR(INDEX('Student Master'!C:C,MATCH(D134,'Student Master'!B:B,0)),"0")) -> M.Adithya | N134: =IF(TRIM(D134)="","",IFERROR(INDEX('Student Master'!D:D,MATCH(D134,'Student Master'!B:B,0)),"0")) -> L - BM | O134: =IF(TRIM(D134)="","",IFERROR(INDEX('Student Master'!H:H,MATCH(D134,'Student Master'!B:B,0)),"0")) -> Gangadahar | P134: =IF(TRIM(D134)="","",IFERROR(INDEX('Student Master'!N:N,MATCH(D134,'Student Master'!B:B,0)),"0")) -> Hangarga | Q134: =IF(TRIM(D134)="","",IFERROR(INDEX('Student Master'!L:L,MATCH(D134,'Student Master'!B:B,0)),"0")) -> 9553558741
A135: 134 | C135: 87 | D135: 4627 | E135: 20000 | G135: =IF(TRIM(D135)="","",IFERROR(INDEX('Student Master'!AB:AB,MATCH(D135,'Student Master'!B:B,0)),"0")) -> 26000 | H135: =IF(TRIM(D135)="","",IFERROR(INDEX('Student Master'!AG:AG,MATCH(D135,'Student Master'!B:B,0)),"0")) -> 18000 | I135: =IF(TRIM(D135)="","",IFERROR(INDEX('Student Master'!AH:AH,MATCH(D135,'Student Master'!B:B,0)),"0")) -> 8000 | J135: =IF(TRIM(D135)="","",IFERROR(INDEX('Student Master'!AI:AI,MATCH(D135,'Student Master'!B:B,0)),"0")) -> 0 | K135: =IF(TRIM(D135)="","",E135/G135) -> 0.76923077 | M135: =IF(TRIM(D135)="","",IFERROR(INDEX('Student Master'!C:C,MATCH(D135,'Student Master'!B:B,0)),"0")) -> B. ROHITH | N135: =IF(TRIM(D135)="","",IFERROR(INDEX('Student Master'!D:D,MATCH(D135,'Student Master'!B:B,0)),"0")) -> 8 - AS | O135: =IF(TRIM(D135)="","",IFERROR(INDEX('Student Master'!H:H,MATCH(D135,'Student Master'!B:B,0)),"0")) -> B. SAILU | P135: =IF(TRIM(D135)="","",IFERROR(INDEX('Student Master'!N:N,MATCH(D135,'Student Master'!B:B,0)),"0")) -> Kandakurthi | Q135: =IF(TRIM(D135)="","",IFERROR(INDEX('Student Master'!L:L,MATCH(D135,'Student Master'!B:B,0)),"0")) -> 9912226453
A136: 135 | C136: 88 | D136: 4371 | E136: 18000 | G136: =IF(TRIM(D136)="","",IFERROR(INDEX('Student Master'!AB:AB,MATCH(D136,'Student Master'!B:B,0)),"0")) -> 22000 | H136: =IF(TRIM(D136)="","",IFERROR(INDEX('Student Master'!AG:AG,MATCH(D136,'Student Master'!B:B,0)),"0")) -> 15000 | I136: =IF(TRIM(D136)="","",IFERROR(INDEX('Student Master'!AH:AH,MATCH(D136,'Student Master'!B:B,0)),"0")) -> 7000 | J136: =IF(TRIM(D136)="","",IFERROR(INDEX('Student Master'!AI:AI,MATCH(D136,'Student Master'!B:B,0)),"0")) -> 0 | K136: =IF(TRIM(D136)="","",E136/G136) -> 0.81818182 | M136: =IF(TRIM(D136)="","",IFERROR(INDEX('Student Master'!C:C,MATCH(D136,'Student Master'!B:B,0)),"0")) -> N. ASHWANTH | N136: =IF(TRIM(D136)="","",IFERROR(INDEX('Student Master'!D:D,MATCH(D136,'Student Master'!B:B,0)),"0")) -> 6 - AM | O136: =IF(TRIM(D136)="","",IFERROR(INDEX('Student Master'!H:H,MATCH(D136,'Student Master'!B:B,0)),"0")) -> RAVI | P136: =IF(TRIM(D136)="","",IFERROR(INDEX('Student Master'!N:N,MATCH(D136,'Student Master'!B:B,0)),"0")) -> PENTAKALAN | Q136: =IF(TRIM(D136)="","",IFERROR(INDEX('Student Master'!L:L,MATCH(D136,'Student Master'!B:B,0)),"0")) -> 8897239612
A137: 136 | C137: 88 | D137: 4326 | E137: 12000 | G137: =IF(TRIM(D137)="","",IFERROR(INDEX('Student Master'!AB:AB,MATCH(D137,'Student Master'!B:B,0)),"0")) -> 16500 | H137: =IF(TRIM(D137)="","",IFERROR(INDEX('Student Master'!AG:AG,MATCH(D137,'Student Master'!B:B,0)),"0")) -> 9500 | I137: =IF(TRIM(D137)="","",IFERROR(INDEX('Student Master'!AH:AH,MATCH(D137,'Student Master'!B:B,0)),"0")) -> 7000 | J137: =IF(TRIM(D137)="","",IFERROR(INDEX('Student Master'!AI:AI,MATCH(D137,'Student Master'!B:B,0)),"0")) -> 0 | K137: =IF(TRIM(D137)="","",E137/G137) -> 0.72727273 | M137: =IF(TRIM(D137)="","",IFERROR(INDEX('Student Master'!C:C,MATCH(D137,'Student Master'!B:B,0)),"0")) -> N. PRASANNA | N137: =IF(TRIM(D137)="","",IFERROR(INDEX('Student Master'!D:D,MATCH(D137,'Student Master'!B:B,0)),"0")) -> 1 - AM | O137: =IF(TRIM(D137)="","",IFERROR(INDEX('Student Master'!H:H,MATCH(D137,'Student Master'!B:B,0)),"0")) -> N. RAVI | P137: =IF(TRIM(D137)="","",IFERROR(INDEX('Student Master'!N:N,MATCH(D137,'Student Master'!B:B,0)),"0")) -> PENTAKALAN | Q137: =IF(TRIM(D137)="","",IFERROR(INDEX('Student Master'!L:L,MATCH(D137,'Student Master'!B:B,0)),"0")) -> 8897239612
A138: 137 | C138: 89 | D138: 4631 | E138: 7000 | G138: =IF(TRIM(D138)="","",IFERROR(INDEX('Student Master'!AB:AB,MATCH(D138,'Student Master'!B:B,0)),"0")) -> 9000 | H138: =IF(TRIM(D138)="","",IFERROR(INDEX('Student Master'!AG:AG,MATCH(D138,'Student Master'!B:B,0)),"0")) -> 9000 | I138: =IF(TRIM(D138)="","",IFERROR(INDEX('Student Master'!AH:AH,MATCH(D138,'Student Master'!B:B,0)),"0")) -> 0 | J138: =IF(TRIM(D138)="","",IFERROR(INDEX('Student Master'!AI:AI,MATCH(D138,'Student Master'!B:B,0)),"0")) -> 0 | K138: =IF(TRIM(D138)="","",E138/G138) -> 0.77777778 | M138: =IF(TRIM(D138)="","",IFERROR(INDEX('Student Master'!C:C,MATCH(D138,'Student Master'!B:B,0)),"0")) -> ASHRA FATIMA | N138: =IF(TRIM(D138)="","",IFERROR(INDEX('Student Master'!D:D,MATCH(D138,'Student Master'!B:B,0)),"0")) -> U - BM | O138: =IF(TRIM(D138)="","",IFERROR(INDEX('Student Master'!H:H,MATCH(D138,'Student Master'!B:B,0)),"0")) -> MD.RAFEEK AHMED | P138: =IF(TRIM(D138)="","",IFERROR(INDEX('Student Master'!N:N,MATCH(D138,'Student Master'!B:B,0)),"0")) -> Bodhan | Q138: =IF(TRIM(D138)="","",IFERROR(INDEX('Student Master'!L:L,MATCH(D138,'Student Master'!B:B,0)),"0")) -> 9182373671
A139: 138 | C139: 89 | D139: 4632 | E139: 7000 | G139: =IF(TRIM(D139)="","",IFERROR(INDEX('Student Master'!AB:AB,MATCH(D139,'Student Master'!B:B,0)),"0")) -> 9000 | H139: =IF(TRIM(D139)="","",IFERROR(INDEX('Student Master'!AG:AG,MATCH(D139,'Student Master'!B:B,0)),"0")) -> 9000 | I139: =IF(TRIM(D139)="","",IFERROR(INDEX('Student Master'!AH:AH,MATCH(D139,'Student Master'!B:B,0)),"0")) -> 0 | J139: =IF(TRIM(D139)="","",IFERROR(INDEX('Student Master'!AI:AI,MATCH(D139,'Student Master'!B:B,0)),"0")) -> 0 | K139: =IF(TRIM(D139)="","",E139/G139) -> 0.77777778 | M139: =IF(TRIM(D139)="","",IFERROR(INDEX('Student Master'!C:C,MATCH(D139,'Student Master'!B:B,0)),"0")) -> MADHIHA FATIMA | N139: =IF(TRIM(D139)="","",IFERROR(INDEX('Student Master'!D:D,MATCH(D139,'Student Master'!B:B,0)),"0")) -> U - BM | O139: =IF(TRIM(D139)="","",IFERROR(INDEX('Student Master'!H:H,MATCH(D139,'Student Master'!B:B,0)),"0")) -> MD.RAFEEK AHMED | P139: =IF(TRIM(D139)="","",IFERROR(INDEX('Student Master'!N:N,MATCH(D139,'Student Master'!B:B,0)),"0")) -> Bodhan | Q139: =IF(TRIM(D139)="","",IFERROR(INDEX('Student Master'!L:L,MATCH(D139,'Student Master'!B:B,0)),"0")) -> 9014829355
A140: 139 | C140: 90 | D140: 4633 | E140: 8000 | G140: =IF(TRIM(D140)="","",IFERROR(INDEX('Student Master'!AB:AB,MATCH(D140,'Student Master'!B:B,0)),"0")) -> 9000 | H140: =IF(TRIM(D140)="","",IFERROR(INDEX('Student Master'!AG:AG,MATCH(D140,'Student Master'!B:B,0)),"0")) -> 9000 | I140: =IF(TRIM(D140)="","",IFERROR(INDEX('Student Master'!AH:AH,MATCH(D140,'Student Master'!B:B,0)),"0")) -> 0 | J140: =IF(TRIM(D140)="","",IFERROR(INDEX('Student Master'!AI:AI,MATCH(D140,'Student Master'!B:B,0)),"0")) -> 0 | K140: =IF(TRIM(D140)="","",E140/G140) -> 0.88888889 | M140: =IF(TRIM(D140)="","",IFERROR(INDEX('Student Master'!C:C,MATCH(D140,'Student Master'!B:B,0)),"0")) -> SHAIK MAVIYA | N140: =IF(TRIM(D140)="","",IFERROR(INDEX('Student Master'!D:D,MATCH(D140,'Student Master'!B:B,0)),"0")) -> U - AM | O140: =IF(TRIM(D140)="","",IFERROR(INDEX('Student Master'!H:H,MATCH(D140,'Student Master'!B:B,0)),"0")) -> MAQDOOM | P140: =IF(TRIM(D140)="","",IFERROR(INDEX('Student Master'!N:N,MATCH(D140,'Student Master'!B:B,0)),"0")) -> Bodhan | Q140: =IF(TRIM(D140)="","",IFERROR(INDEX('Student Master'!L:L,MATCH(D140,'Student Master'!B:B,0)),"0")) -> 9963978223
A141: 140 | C141: 91 | D141: 4321 | E141: 12000 | G141: =IF(TRIM(D141)="","",IFERROR(INDEX('Student Master'!AB:AB,MATCH(D141,'Student Master'!B:B,0)),"0")) -> 16500 | H141: =IF(TRIM(D141)="","",IFERROR(INDEX('Student Master'!AG:AG,MATCH(D141,'Student Master'!B:B,0)),"0")) -> 9500 | I141: =IF(TRIM(D141)="","",IFERROR(INDEX('Student Master'!AH:AH,MATCH(D141,'Student Master'!B:B,0)),"0")) -> 7000 | J141: =IF(TRIM(D141)="","",IFERROR(INDEX('Student Master'!AI:AI,MATCH(D141,'Student Master'!B:B,0)),"0")) -> 0 | K141: =IF(TRIM(D141)="","",E141/G141) -> 0.72727273 | M141: =IF(TRIM(D141)="","",IFERROR(INDEX('Student Master'!C:C,MATCH(D141,'Student Master'!B:B,0)),"0")) -> NASRA SALEHA | N141: =IF(TRIM(D141)="","",IFERROR(INDEX('Student Master'!D:D,MATCH(D141,'Student Master'!B:B,0)),"0")) -> 1 - BM | O141: =IF(TRIM(D141)="","",IFERROR(INDEX('Student Master'!H:H,MATCH(D141,'Student Master'!B:B,0)),"0")) -> SK. NISAR | P141: =IF(TRIM(D141)="","",IFERROR(INDEX('Student Master'!N:N,MATCH(D141,'Student Master'!B:B,0)),"0")) -> PANTAKHURD OLD | Q141: =IF(TRIM(D141)="","",IFERROR(INDEX('Student Master'!L:L,MATCH(D141,'Student Master'!B:B,0)),"0")) -> 9704616443
A142: 141 | C142: 92 | D142: 3405 | E142: 13000 | G142: =IF(TRIM(D142)="","",IFERROR(INDEX('Student Master'!AB:AB,MATCH(D142,'Student Master'!B:B,0)),"0")) -> 16000 | H142: =IF(TRIM(D142)="","",IFERROR(INDEX('Student Master'!AG:AG,MATCH(D142,'Student Master'!B:B,0)),"0")) -> 16000 | I142: =IF(TRIM(D142)="","",IFERROR(INDEX('Student Master'!AH:AH,MATCH(D142,'Student Master'!B:B,0)),"0")) -> 0 | J142: =IF(TRIM(D142)="","",IFERROR(INDEX('Student Master'!AI:AI,MATCH(D142,'Student Master'!B:B,0)),"0")) -> 0 | K142: =IF(TRIM(D142)="","",E142/G142) -> 0.8125 | M142: =IF(TRIM(D142)="","",IFERROR(INDEX('Student Master'!C:C,MATCH(D142,'Student Master'!B:B,0)),"0")) -> R. KARTHIKEYA | N142: =IF(TRIM(D142)="","",IFERROR(INDEX('Student Master'!D:D,MATCH(D142,'Student Master'!B:B,0)),"0")) -> 7 - AM | O142: =IF(TRIM(D142)="","",IFERROR(INDEX('Student Master'!H:H,MATCH(D142,'Student Master'!B:B,0)),"0")) -> JAYANTH | P142: =IF(TRIM(D142)="","",IFERROR(INDEX('Student Master'!N:N,MATCH(D142,'Student Master'!B:B,0)),"0")) -> SHARBATHI CANAL | Q142: =IF(TRIM(D142)="","",IFERROR(INDEX('Student Master'!L:L,MATCH(D142,'Student Master'!B:B,0)),"0")) -> 9553239803
... A154: 153 | C154: 99 | D154: 4436 | E154: 12500 | G154: =IF(TRIM(D154)="","",IFERROR(INDEX('Student Master'!AB:AB,MATCH(D154,'Student Master'!B:B,0)),"0")) -> 17000 | H154: =IF(TRIM(D154)="","",IFERROR(INDEX('Student Master'!AG:AG,MATCH(D154,'Student Master'!B:B,0)),"0")) -> 9000 | I154: =IF(TRIM(D154)="","",IFERROR(INDEX('Student Master'!AH:AH,MATCH(D154,'Student Master'!B:B,0)),"0")) -> 8000 | J154: =IF(TRIM(D154)="","",IFERROR(INDEX('Student Master'!AI:AI,MATCH(D154,'Student Master'!B:B,0)),"0")) -> 0 | K154: =IF(TRIM(D154)="","",E154/G154) -> 0.73529412 | M154: =IF(TRIM(D154)="","",IFERROR(INDEX('Student Master'!C:C,MATCH(D154,'Student Master'!B:B,0)),"0")) -> G. PREM KUMAR | N154: =IF(TRIM(D154)="","",IFERROR(INDEX('Student Master'!D:D,MATCH(D154,'Student Master'!B:B,0)),"0")) -> U - AM | O154: =IF(TRIM(D154)="","",IFERROR(INDEX('Student Master'!H:H,MATCH(D154,'Student Master'!B:B,0)),"0")) -> GAGADHAR | P154: =IF(TRIM(D154)="","",IFERROR(INDEX('Student Master'!N:N,MATCH(D154,'Student Master'!B:B,0)),"0")) -> KOPPARGA | Q154: =IF(TRIM(D154)="","",IFERROR(INDEX('Student Master'!L:L,MATCH(D154,'Student Master'!B:B,0)),"0")) -> 7673947511
A155: 154 | C155: 100 | D155: P790 | E155: 12500 | G155: =IF(TRIM(D155)="","",IFERROR(INDEX('Student Master'!AB:AB,MATCH(D155,'Student Master'!B:B,0)),"0")) -> 18500 | H155: =IF(TRIM(D155)="","",IFERROR(INDEX('Student Master'!AG:AG,MATCH(D155,'Student Master'!B:B,0)),"0")) -> 10500 | I155: =IF(TRIM(D155)="","",IFERROR(INDEX('Student Master'!AH:AH,MATCH(D155,'Student Master'!B:B,0)),"0")) -> 8000 | J155: =IF(TRIM(D155)="","",IFERROR(INDEX('Student Master'!AI:AI,MATCH(D155,'Student Master'!B:B,0)),"0")) -> 0 | K155: =IF(TRIM(D155)="","",E155/G155) -> 0.67567568 | M155: =IF(TRIM(D155)="","",IFERROR(INDEX('Student Master'!C:C,MATCH(D155,'Student Master'!B:B,0)),"0")) -> A. ROHITH | N155: =IF(TRIM(D155)="","",IFERROR(INDEX('Student Master'!D:D,MATCH(D155,'Student Master'!B:B,0)),"0")) -> 3 - BM | O155: =IF(TRIM(D155)="","",IFERROR(INDEX('Student Master'!H:H,MATCH(D155,'Student Master'!B:B,0)),"0")) -> A. LALU | P155: =IF(TRIM(D155)="","",IFERROR(INDEX('Student Master'!N:N,MATCH(D155,'Student Master'!B:B,0)),"0")) -> KOPPARGA | Q155: =IF(TRIM(D155)="","",IFERROR(INDEX('Student Master'!L:L,MATCH(D155,'Student Master'!B:B,0)),"0")) -> 9640391856
...

Sheet Agreements-Old
A1: S.No | B1: Date | C1: Agreement Number | D1: Admission Number | E1: Agreement Fees Old | F1: x | G1: Old Bal | H1: % | I1: x | J1: Student Name | K1: Class | L1: Father Name | M1: Address | N1: Cell
A2: 1 | C2: 5 | D2: 3408 | E2: 17500 | G2: =IF(TRIM(D2)="","",IFERROR(INDEX('Student Master'!W:W,MATCH(D2,'Student Master'!B:B,0)),"0")) -> 32500 | H2: =IF(TRIM(D2)="","",E2/G2) -> 0.53846154 | J2: =IF(TRIM(D2)="","",IFERROR(INDEX('Student Master'!C:C,MATCH(D2,'Student Master'!B:B,0)),"0")) -> S. SHARATH KUMAR | K2: =IF(TRIM(D2)="","",IFERROR(INDEX('Student Master'!D:D,MATCH(D2,'Student Master'!B:B,0)),"0")) -> 7 - AM | L2: =IF(TRIM(D2)="","",IFERROR(INDEX('Student Master'!H:H,MATCH(D2,'Student Master'!B:B,0)),"0")) -> SURESH | M2: =IF(TRIM(D2)="","",IFERROR(INDEX('Student Master'!N:N,MATCH(D2,'Student Master'!B:B,0)),"0")) -> HANGARGA | N2: =IF(TRIM(D2)="","",IFERROR(INDEX('Student Master'!L:L,MATCH(D2,'Student Master'!B:B,0)),"0")) -> 9618252975
A3: 2 | C3: 5 | D3: 4211 | E3: 3500 | G3: =IF(TRIM(D3)="","",IFERROR(INDEX('Student Master'!W:W,MATCH(D3,'Student Master'!B:B,0)),"0")) -> 20500 | H3: =IF(TRIM(D3)="","",E3/G3) -> 0.17073171 | J3: =IF(TRIM(D3)="","",IFERROR(INDEX('Student Master'!C:C,MATCH(D3,'Student Master'!B:B,0)),"0")) -> S. SIDDHANTH KUMAR | K3: =IF(TRIM(D3)="","",IFERROR(INDEX('Student Master'!D:D,MATCH(D3,'Student Master'!B:B,0)),"0")) -> 2 - AM | L3: =IF(TRIM(D3)="","",IFERROR(INDEX('Student Master'!H:H,MATCH(D3,'Student Master'!B:B,0)),"0")) -> S. SURESH | M3: =IF(TRIM(D3)="","",IFERROR(INDEX('Student Master'!N:N,MATCH(D3,'Student Master'!B:B,0)),"0")) -> HANGARGA | N3: =IF(TRIM(D3)="","",IFERROR(INDEX('Student Master'!L:L,MATCH(D3,'Student Master'!B:B,0)),"0")) -> 9618252975
A4: 3 | C4: 6 | D4: 3936 | E4: 25000 | G4: =IF(TRIM(D4)="","",IFERROR(INDEX('Student Master'!W:W,MATCH(D4,'Student Master'!B:B,0)),"0")) -> 50000 | H4: =IF(TRIM(D4)="","",E4/G4) -> 0.5 | J4: =IF(TRIM(D4)="","",IFERROR(INDEX('Student Master'!C:C,MATCH(D4,'Student Master'!B:B,0)),"0")) -> A. AKSHITHA | K4: =IF(TRIM(D4)="","",IFERROR(INDEX('Student Master'!D:D,MATCH(D4,'Student Master'!B:B,0)),"0")) -> 9 - AM | L4: =IF(TRIM(D4)="","",IFERROR(INDEX('Student Master'!H:H,MATCH(D4,'Student Master'!B:B,0)),"0")) -> A. CHANDRAKANTH | M4: =IF(TRIM(D4)="","",IFERROR(INDEX('Student Master'!N:N,MATCH(D4,'Student Master'!B:B,0)),"0")) -> KUMMANPALLY | N4: =IF(TRIM(D4)="","",IFERROR(INDEX('Student Master'!L:L,MATCH(D4,'Student Master'!B:B,0)),"0")) -> 9666495881
A5: 4 | C5: 10 | D5: 3819 | E5: 4500 | G5: =IF(TRIM(D5)="","",IFERROR(INDEX('Student Master'!W:W,MATCH(D5,'Student Master'!B:B,0)),"0")) -> 2500 | H5: =IF(TRIM(D5)="","",E5/G5) -> 1.8 | J5: =IF(TRIM(D5)="","",IFERROR(INDEX('Student Master'!C:C,MATCH(D5,'Student Master'!B:B,0)),"0")) -> SK. ABDUL MALIK | K5: =IF(TRIM(D5)="","",IFERROR(INDEX('Student Master'!D:D,MATCH(D5,'Student Master'!B:B,0)),"0")) -> 4 - BM | L5: =IF(TRIM(D5)="","",IFERROR(INDEX('Student Master'!H:H,MATCH(D5,'Student Master'!B:B,0)),"0")) -> ABDUL WAJID | M5: =IF(TRIM(D5)="","",IFERROR(INDEX('Student Master'!N:N,MATCH(D5,'Student Master'!B:B,0)),"0")) -> RAKASIPET | N5: =IF(TRIM(D5)="","",IFERROR(INDEX('Student Master'!L:L,MATCH(D5,'Student Master'!B:B,0)),"0")) -> 7729803720
A6: 5 | C6: 10 | D6: 4333 | E6: 2500 | G6: =IF(TRIM(D6)="","",IFERROR(INDEX('Student Master'!W:W,MATCH(D6,'Student Master'!B:B,0)),"0")) -> 4500 | H6: =IF(TRIM(D6)="","",E6/G6) -> 0.55555556 | J6: =IF(TRIM(D6)="","",IFERROR(INDEX('Student Master'!C:C,MATCH(D6,'Student Master'!B:B,0)),"0")) -> SUBIYA FATHIMA | K6: =IF(TRIM(D6)="","",IFERROR(INDEX('Student Master'!D:D,MATCH(D6,'Student Master'!B:B,0)),"0")) -> 1 - BM | L6: =IF(TRIM(D6)="","",IFERROR(INDEX('Student Master'!H:H,MATCH(D6,'Student Master'!B:B,0)),"0")) -> ABDUL WAJID | M6: =IF(TRIM(D6)="","",IFERROR(INDEX('Student Master'!N:N,MATCH(D6,'Student Master'!B:B,0)),"0")) -> RAKASIPET | N6: =IF(TRIM(D6)="","",IFERROR(INDEX('Student Master'!L:L,MATCH(D6,'Student Master'!B:B,0)),"0")) -> 7729803720
A7: 6 | C7: 12 | D7: 4488 | E7: 2800 | G7: =IF(TRIM(D7)="","",IFERROR(INDEX('Student Master'!W:W,MATCH(D7,'Student Master'!B:B,0)),"0")) -> 6400 | H7: =IF(TRIM(D7)="","",E7/G7) -> 0.4375 | J7: =IF(TRIM(D7)="","",IFERROR(INDEX('Student Master'!C:C,MATCH(D7,'Student Master'!B:B,0)),"0")) -> K. NAMRATHA | K7: =IF(TRIM(D7)="","",IFERROR(INDEX('Student Master'!D:D,MATCH(D7,'Student Master'!B:B,0)),"0")) -> 3 - BM | L7: =IF(TRIM(D7)="","",IFERROR(INDEX('Student Master'!H:H,MATCH(D7,'Student Master'!B:B,0)),"0")) -> K. BALAJI | M7: =IF(TRIM(D7)="","",IFERROR(INDEX('Student Master'!N:N,MATCH(D7,'Student Master'!B:B,0)),"0")) -> NAGANPALLY | N7: =IF(TRIM(D7)="","",IFERROR(INDEX('Student Master'!L:L,MATCH(D7,'Student Master'!B:B,0)),"0")) -> 7893311870
A8: 7 | C8: 14 | D8: 4501 | E8: 0 | G8: =IF(TRIM(D8)="","",IFERROR(INDEX('Student Master'!W:W,MATCH(D8,'Student Master'!B:B,0)),"0")) -> 7700 | H8: =IF(TRIM(D8)="","",E8/G8) -> 0 | J8: =IF(TRIM(D8)="","",IFERROR(INDEX('Student Master'!C:C,MATCH(D8,'Student Master'!B:B,0)),"0")) -> CH. AARTHI NAGA SAI | K8: =IF(TRIM(D8)="","",IFERROR(INDEX('Student Master'!D:D,MATCH(D8,'Student Master'!B:B,0)),"0")) -> U - BM | L8: =IF(TRIM(D8)="","",IFERROR(INDEX('Student Master'!H:H,MATCH(D8,'Student Master'!B:B,0)),"0")) -> ANAND | M8: =IF(TRIM(D8)="","",IFERROR(INDEX('Student Master'!N:N,MATCH(D8,'Student Master'!B:B,0)),"0")) -> PANTAKHURD OLD | N8: =IF(TRIM(D8)="","",IFERROR(INDEX('Student Master'!L:L,MATCH(D8,'Student Master'!B:B,0)),"0")) -> 9866673755
A9: 8 | C9: 14 | D9: 4195 | E9: 0 | G9: =IF(TRIM(D9)="","",IFERROR(INDEX('Student Master'!W:W,MATCH(D9,'Student Master'!B:B,0)),"0")) -> 600 | H9: =IF(TRIM(D9)="","",E9/G9) -> 0 | J9: =IF(TRIM(D9)="","",IFERROR(INDEX('Student Master'!C:C,MATCH(D9,'Student Master'!B:B,0)),"0")) -> CH. TEJASVI | K9: =IF(TRIM(D9)="","",IFERROR(INDEX('Student Master'!D:D,MATCH(D9,'Student Master'!B:B,0)),"0")) -> 2 - BM | L9: =IF(TRIM(D9)="","",IFERROR(INDEX('Student Master'!H:H,MATCH(D9,'Student Master'!B:B,0)),"0")) -> CH. ANAND | M9: =IF(TRIM(D9)="","",IFERROR(INDEX('Student Master'!N:N,MATCH(D9,'Student Master'!B:B,0)),"0")) -> PANTA CAMP | N9: =IF(TRIM(D9)="","",IFERROR(INDEX('Student Master'!L:L,MATCH(D9,'Student Master'!B:B,0)),"0")) -> 9866673755
A10: 9 | C10: 16 | D10: 3082 | E10: 7000 | G10: =IF(TRIM(D10)="","",IFERROR(INDEX('Student Master'!W:W,MATCH(D10,'Student Master'!B:B,0)),"0")) -> 15000 | H10: =IF(TRIM(D10)="","",E10/G10) -> 0.46666667 | J10: =IF(TRIM(D10)="","",IFERROR(INDEX('Student Master'!C:C,MATCH(D10,'Student Master'!B:B,0)),"0")) -> S. ARUN | K10: =IF(TRIM(D10)="","",IFERROR(INDEX('Student Master'!D:D,MATCH(D10,'Student Master'!B:B,0)),"0")) -> 10 - AS | L10: =IF(TRIM(D10)="","",IFERROR(INDEX('Student Master'!H:H,MATCH(D10,'Student Master'!B:B,0)),"0")) -> GANGARAM | M10: =IF(TRIM(D10)="","",IFERROR(INDEX('Student Master'!N:N,MATCH(D10,'Student Master'!B:B,0)),"0")) -> BARDIPUR | N10: =IF(TRIM(D10)="","",IFERROR(INDEX('Student Master'!L:L,MATCH(D10,'Student Master'!B:B,0)),"0")) -> 9133894901
A11: 10 | C11: 17 | D11: 3788 | E11: 6500 | G11: =IF(TRIM(D11)="","",IFERROR(INDEX('Student Master'!W:W,MATCH(D11,'Student Master'!B:B,0)),"0")) -> 22500 | H11: =IF(TRIM(D11)="","",E11/G11) -> 0.28888889 | J11: =IF(TRIM(D11)="","",IFERROR(INDEX('Student Master'!C:C,MATCH(D11,'Student Master'!B:B,0)),"0")) -> D. PRIYANS | K11: =IF(TRIM(D11)="","",IFERROR(INDEX('Student Master'!D:D,MATCH(D11,'Student Master'!B:B,0)),"0")) -> 4 - BM | L11: =IF(TRIM(D11)="","",IFERROR(INDEX('Student Master'!H:H,MATCH(D11,'Student Master'!B:B,0)),"0")) -> D. SRINIVAS | M11: =IF(TRIM(D11)="","",IFERROR(INDEX('Student Master'!N:N,MATCH(D11,'Student Master'!B:B,0)),"0")) -> YEDAPALLY | N11: =IF(TRIM(D11)="","",IFERROR(INDEX('Student Master'!L:L,MATCH(D11,'Student Master'!B:B,0)),"0")) -> 9951339582
A12: 11 | C12: 32 | D12: 3072 | E12: 25000 | G12: =IF(TRIM(D12)="","",IFERROR(INDEX('Student Master'!W:W,MATCH(D12,'Student Master'!B:B,0)),"0")) -> 46000 | H12: =IF(TRIM(D12)="","",E12/G12) -> 0.54347826 | J12: =IF(TRIM(D12)="","",IFERROR(INDEX('Student Master'!C:C,MATCH(D12,'Student Master'!B:B,0)),"0")) -> K. BHANU KIRAN | K12: =IF(TRIM(D12)="","",IFERROR(INDEX('Student Master'!D:D,MATCH(D12,'Student Master'!B:B,0)),"0")) -> 9 - AM | L12: =IF(TRIM(D12)="","",IFERROR(INDEX('Student Master'!H:H,MATCH(D12,'Student Master'!B:B,0)),"0")) -> DARGAIAH | M12: =IF(TRIM(D12)="","",IFERROR(INDEX('Student Master'!N:N,MATCH(D12,'Student Master'!B:B,0)),"0")) -> JAITHAPUR | N12: =IF(TRIM(D12)="","",IFERROR(INDEX('Student Master'!L:L,MATCH(D12,'Student Master'!B:B,0)),"0")) -> 9849930717
A13: 12 | C13: 34 | D13: 3763 | E13: 14000 | G13: =IF(TRIM(D13)="","",IFERROR(INDEX('Student Master'!W:W,MATCH(D13,'Student Master'!B:B,0)),"0")) -> 29000 | H13: =IF(TRIM(D13)="","",E13/G13) -> 0.48275862 | J13: =IF(TRIM(D13)="","",IFERROR(INDEX('Student Master'!C:C,MATCH(D13,'Student Master'!B:B,0)),"0")) -> K. LOKESH | K13: =IF(TRIM(D13)="","",IFERROR(INDEX('Student Master'!D:D,MATCH(D13,'Student Master'!B:B,0)),"0")) -> 4 - AM | L13: =IF(TRIM(D13)="","",IFERROR(INDEX('Student Master'!H:H,MATCH(D13,'Student Master'!B:B,0)),"0")) -> LASMAIAH | M13: =IF(TRIM(D13)="","",IFERROR(INDEX('Student Master'!N:N,MATCH(D13,'Student Master'!B:B,0)),"0")) -> PENTAKALAN | N13: =IF(TRIM(D13)="","",IFERROR(INDEX('Student Master'!L:L,MATCH(D13,'Student Master'!B:B,0)),"0")) -> 6305716847
... A22: 21 | C22: 57 | D22: 2527 | E22: 22000 | G22: =IF(TRIM(D22)="","",IFERROR(INDEX('Student Master'!W:W,MATCH(D22,'Student Master'!B:B,0)),"0")) -> 48000 | H22: =IF(TRIM(D22)="","",E22/G22) -> 0.45833333 | J22: =IF(TRIM(D22)="","",IFERROR(INDEX('Student Master'!C:C,MATCH(D22,'Student Master'!B:B,0)),"0")) -> K. GNANESHWAR | K22: =IF(TRIM(D22)="","",IFERROR(INDEX('Student Master'!D:D,MATCH(D22,'Student Master'!B:B,0)),"0")) -> 9 - AM | L22: =IF(TRIM(D22)="","",IFERROR(INDEX('Student Master'!H:H,MATCH(D22,'Student Master'!B:B,0)),"0")) -> K. BAL RAJ | M22: =IF(TRIM(D22)="","",IFERROR(INDEX('Student Master'!N:N,MATCH(D22,'Student Master'!B:B,0)),"0")) -> RAMPUR(K) | N22: =IF(TRIM(D22)="","",IFERROR(INDEX('Student Master'!L:L,MATCH(D22,'Student Master'!B:B,0)),"0")) -> 9908932337
A23: 22 | C23: 62 | D23: 3568 | E23: 31000 | G23: =IF(TRIM(D23)="","",IFERROR(INDEX('Student Master'!W:W,MATCH(D23,'Student Master'!B:B,0)),"0")) -> 0 | H23: =IF(TRIM(D23)="","",E23/G23) -> #DIV/0! | J23: =IF(TRIM(D23)="","",IFERROR(INDEX('Student Master'!C:C,MATCH(D23,'Student Master'!B:B,0)),"0")) -> 0 | K23: =IF(TRIM(D23)="","",IFERROR(INDEX('Student Master'!D:D,MATCH(D23,'Student Master'!B:B,0)),"0")) -> 0 | L23: =IF(TRIM(D23)="","",IFERROR(INDEX('Student Master'!H:H,MATCH(D23,'Student Master'!B:B,0)),"0")) -> 0 | M23: =IF(TRIM(D23)="","",IFERROR(INDEX('Student Master'!N:N,MATCH(D23,'Student Master'!B:B,0)),"0")) -> 0 | N23: =IF(TRIM(D23)="","",IFERROR(INDEX('Student Master'!L:L,MATCH(D23,'Student Master'!B:B,0)),"0")) -> 0 | O23: Y. PRIYA DARSHINI
A24: 23 | C24: 67 | D24: 3505 | E24: 10500 | G24: =IF(TRIM(D24)="","",IFERROR(INDEX('Student Master'!W:W,MATCH(D24,'Student Master'!B:B,0)),"0")) -> 17500 | H24: =IF(TRIM(D24)="","",E24/G24) -> 0.6 | J24: =IF(TRIM(D24)="","",IFERROR(INDEX('Student Master'!C:C,MATCH(D24,'Student Master'!B:B,0)),"0")) -> K. SHIVA KUMAR GOUD | K24: =IF(TRIM(D24)="","",IFERROR(INDEX('Student Master'!D:D,MATCH(D24,'Student Master'!B:B,0)),"0")) -> 5 - AM | L24: =IF(TRIM(D24)="","",IFERROR(INDEX('Student Master'!H:H,MATCH(D24,'Student Master'!B:B,0)),"0")) -> SATISH GOUD | M24: =IF(TRIM(D24)="","",IFERROR(INDEX('Student Master'!N:N,MATCH(D24,'Student Master'!B:B,0)),"0")) -> YEDAPALLY | N24: =IF(TRIM(D24)="","",IFERROR(INDEX('Student Master'!L:L,MATCH(D24,'Student Master'!B:B,0)),"0")) -> 9948829416
A25: 24 | C25: 68 | D25: 3618 | E25: 12500 | G25: =IF(TRIM(D25)="","",IFERROR(INDEX('Student Master'!W:W,MATCH(D25,'Student Master'!B:B,0)),"0")) -> 0 | H25: =IF(TRIM(D25)="","",E25/G25) -> #DIV/0! | J25: =IF(TRIM(D25)="","",IFERROR(INDEX('Student Master'!C:C,MATCH(D25,'Student Master'!B:B,0)),"0")) -> 0 | K25: =IF(TRIM(D25)="","",IFERROR(INDEX('Student Master'!D:D,MATCH(D25,'Student Master'!B:B,0)),"0")) -> 0 | L25: =IF(TRIM(D25)="","",IFERROR(INDEX('Student Master'!H:H,MATCH(D25,'Student Master'!B:B,0)),"0")) -> 0 | M25: =IF(TRIM(D25)="","",IFERROR(INDEX('Student Master'!N:N,MATCH(D25,'Student Master'!B:B,0)),"0")) -> 0 | N25: =IF(TRIM(D25)="","",IFERROR(INDEX('Student Master'!L:L,MATCH(D25,'Student Master'!B:B,0)),"0")) -> 0 | O25: K. PAVITHRA
